Resident Reference,PAST BOOKING CONTEXT,PREDICTION (facility/day/use time / nudge time),ACTUAL (facility/day/use time / booked at),MATCH
R-094,Gym/Fri/07:00,Gym/Mon/07:00 | Nudge Mon/04:01,Gym/Mon/07:00 | Booked Mon/03:36,YES (4 of 4)
R-094,Gym/Mon/07:00,Gym/Wed/07:00 | Nudge Wed/03:58,Gym/Wed/07:00 | Booked Wed/03:54,YES (4 of 4)
R-094,Gym/Wed/07:00,Gym/Mon/07:00 | Nudge Fri/03:58,Pool/Fri/07:00 | Booked Fri/04:18,NO (2 of 4)
R-094,Pool/Fri/07:00,Gym/Mon/07:00 | Nudge Mon/04:01,Gym/Mon/18:00 | Booked Mon/14:21,NO (3 of 4)
R-094,Gym/Mon/18:00,Gym/Wed/07:00 | Nudge Fri/03:58,Gym/Fri/07:00 | Booked Fri/04:05,NO (3 of 4)
R-094,Gym/Fri/07:00,Gym/Mon/07:00 | Nudge Mon/04:01,Pool/Mon/07:00 | Booked Mon/04:33,NO (3 of 4)
R-094,Pool/Mon/07:00,Gym/Wed/07:00 | Nudge Wed/03:55,Gym/Wed/07:00 | Booked Wed/03:16,YES (4 of 4)
R-094,Gym/Wed/07:00,Gym/Fri/07:00 | Nudge Fri/03:56,Gym/Fri/07:00 | Booked Fri/04:47,YES (4 of 4)
R-094,Gym/Fri/07:00,Gym/Mon/07:00 | Nudge Mon/04:00,Gym/Mon/18:00 | Booked Mon/14:52,NO (3 of 4)
R-094,Gym/Mon/18:00,Gym/Wed/07:00 | Nudge Wed/03:56,Gym/Wed/07:00 | Booked Wed/03:59,YES (4 of 4)
R-094,Gym/Wed/07:00,Gym/Fri/07:00 | Nudge Fri/03:58,Gym/Fri/07:00 | Booked Fri/04:23,YES (4 of 4)
R-094,Gym/Fri/07:00,Gym/Mon/07:00 | Nudge Mon/03:58,Gym/Mon/07:00 | Booked Mon/04:12,YES (4 of 4)
R-094,Gym/Mon/07:00,Gym/Wed/07:00 | Nudge Wed/03:58,Gym/Wed/07:00 | Booked Wed/04:16,YES (4 of 4)
R-094,Gym/Wed/07:00,Gym/Fri/07:00 | Nudge Fri/03:58,Gym/Fri/07:00 | Booked Fri/03:34,YES (4 of 4)
R-094,Gym/Fri/07:00,Gym/Mon/07:00 | Nudge Mon/03:58,Gym/Mon/07:00 | Booked Mon/02:31,YES (4 of 4)
R-094,Gym/Mon/07:00,Gym/Wed/07:00 | Nudge Wed/03:58,Gym/Wed/07:00 | Booked Wed/04:01,YES (4 of 4)
R-094,Gym/Wed/07:00,Gym/Fri/07:00 | Nudge Fri/03:58,Gym/Fri/18:00 | Booked Fri/15:09,NO (3 of 4)
R-094,Gym/Fri/18:00,Gym/Mon/07:00 | Nudge Mon/03:58,Gym/Mon/07:00 | Booked Mon/03:30,YES (4 of 4)
R-094,Gym/Mon/07:00,Gym/Wed/07:00 | Nudge Wed/03:58,Gym/Wed/07:00 | Booked Wed/03:45,YES (4 of 4)
R-094,Gym/Wed/07:00,Gym/Fri/07:00 | Nudge Fri/03:58,Pool/Fri/07:00 | Booked Fri/02:58,NO (3 of 4)
R-094,Pool/Fri/07:00,Gym/Mon/07:00 | Nudge Mon/03:58,Gym/Mon/18:00 | Booked Mon/14:55,NO (3 of 4)
R-094,Gym/Mon/18:00,Gym/Wed/07:00 | Nudge Wed/03:58,Pool/Wed/18:00 | Booked Wed/15:50,NO (2 of 4)
R-094,Pool/Wed/18:00,Gym/Fri/07:00 | Nudge Fri/03:56,Pool/Fri/18:00 | Booked Fri/15:03,NO (2 of 4)
R-094,Pool/Fri/18:00,Gym/Mon/07:00 | Nudge Mon/03:56,Pool/Mon/07:00 | Booked Mon/04:22,NO (3 of 4)
R-094,Pool/Mon/07:00,Gym/Wed/07:00 | Nudge Wed/03:55,Gym/Wed/18:00 | Booked Wed/15:00,NO (3 of 4)
R-094,Gym/Wed/18:00,Gym/Fri/07:00 | Nudge Fri/03:55,Gym/Fri/07:00 | Booked Fri/04:02,YES (4 of 4)
R-094,Gym/Fri/07:00,Gym/Mon/07:00 | Nudge Mon/03:55,Pool/Mon/07:00 | Booked Mon/03:46,NO (3 of 4)
R-094,Pool/Mon/07:00,Gym/Wed/07:00 | Nudge Wed/03:55,Gym/Wed/07:00 | Booked Wed/03:47,YES (4 of 4)
R-094,Gym/Wed/07:00,Gym/Fri/07:00 | Nudge Fri/03:55,Gym/Fri/07:00 | Booked Fri/03:43,YES (4 of 4)
R-094,Gym/Fri/07:00,Gym/Mon/07:00 | Nudge Mon/03:55,Gym/Mon/07:00 | Booked Mon/04:10,YES (4 of 4)
R-094,Gym/Mon/07:00,Gym/Wed/07:00 | Nudge Wed/03:55,Gym/Wed/18:00 | Booked Wed/15:31,NO (3 of 4)
R-094,Gym/Wed/18:00,Gym/Fri/07:00 | Nudge Fri/03:55,Gym/Fri/07:00 | Booked Fri/03:38,YES (4 of 4)
R-094,Gym/Fri/07:00,Gym/Mon/07:00 | Nudge Mon/03:56,Gym/Mon/07:00 | Booked Mon/04:07,YES (4 of 4)
R-094,Gym/Mon/07:00,Gym/Wed/07:00 | Nudge Wed/03:56,Gym/Wed/07:00 | Booked Wed/03:56,YES (4 of 4)
R-094,Gym/Wed/07:00,Gym/Fri/07:00 | Nudge Mon/03:56,Gym/Mon/07:00 | Booked Mon/04:24,NO (3 of 4)
R-094,Gym/Mon/07:00,Gym/Wed/07:00 | Nudge Wed/03:56,Gym/Wed/07:00 | Booked Wed/03:36,YES (4 of 4)
R-094,Gym/Wed/07:00,Gym/Fri/07:00 | Nudge Fri/03:56,Gym/Fri/07:00 | Booked Fri/03:17,YES (4 of 4)
R-094,Gym/Fri/07:00,Gym/Mon/07:00 | Nudge Wed/03:56,Gym/Wed/07:00 | Booked Wed/04:05,NO (3 of 4)
R-094,Gym/Wed/07:00,Gym/Fri/07:00 | Nudge Fri/03:56,Gym/Fri/07:00 | Booked Fri/04:25,YES (4 of 4)
R-094,Gym/Fri/07:00,Gym/Mon/07:00 | Nudge Mon/03:56,Gym/Mon/07:00 | Booked Mon/04:27,YES (4 of 4)
R-094,Gym/Mon/07:00,Gym/Wed/07:00 | Nudge Wed/03:56,Pool/Wed/18:00 | Booked Wed/15:56,NO (2 of 4)
R-094,Pool/Wed/18:00,Gym/Fri/07:00 | Nudge Fri/03:56,Gym/Fri/18:00 | Booked Fri/14:58,NO (3 of 4)
R-094,Gym/Fri/18:00,Gym/Mon/07:00 | Nudge Mon/03:56,Gym/Mon/07:00 | Booked Mon/03:46,YES (4 of 4)
R-094,Gym/Mon/07:00,Gym/Wed/07:00 | Nudge Wed/03:56,Pool/Wed/18:00 | Booked Wed/14:37,NO (2 of 4)
R-095,Badminton/Thu/19:00,Badminton/Sat/19:00 | Nudge Fri/19:29,Badminton/Sat/19:00 | Booked Fri/20:50,YES (4 of 4)
R-095,Badminton/Sat/19:00,Badminton/Tue/19:00 | Nudge Mon/20:18,Badminton/Tue/19:00 | Booked Mon/22:05,YES (4 of 4)
R-095,Badminton/Tue/19:00,Tennis/Thu/19:00 | Nudge Wed/20:17,Badminton/Thu/20:00 | Booked Wed/21:41,NO (2 of 4)
R-095,Badminton/Thu/20:00,Tennis/Sat/19:00 | Nudge Mon/20:04,Tennis/Tue/19:00 | Booked Mon/20:07,NO (3 of 4)
R-095,Tennis/Tue/19:00,Tennis/Thu/19:00 | Nudge Wed/20:24,Badminton/Thu/19:00 | Booked Wed/19:23,NO (3 of 4)
R-095,Badminton/Thu/19:00,Tennis/Sat/19:00 | Nudge Fri/20:01,Badminton/Sat/19:00 | Booked Fri/16:58,NO (2 of 4)
R-095,Badminton/Sat/19:00,Tennis/Tue/19:00 | Nudge Mon/20:16,Badminton/Tue/19:00 | Booked Mon/18:58,NO (3 of 4)
R-095,Badminton/Tue/19:00,Tennis/Thu/19:00 | Nudge Wed/20:30,Badminton/Thu/19:00 | Booked Wed/21:12,NO (3 of 4)
R-095,Badminton/Thu/19:00,Tennis/Sat/19:00 | Nudge Fri/19:56,Tennis/Sat/19:00 | Booked Fri/16:04,NO (3 of 4)
R-095,Tennis/Sat/19:00,Tennis/Tue/19:00 | Nudge Mon/19:24,Tennis/Tue/19:00 | Booked Mon/15:36,NO (3 of 4)
R-095,Tennis/Tue/19:00,Tennis/Thu/19:00 | Nudge Wed/19:03,Badminton/Thu/19:00 | Booked Wed/21:56,NO (3 of 4)
R-095,Badminton/Thu/19:00,Tennis/Sat/19:00 | Nudge Fri/19:23,Tennis/Sat/19:00 | Booked Fri/16:53,YES (4 of 4)
R-095,Tennis/Sat/19:00,Tennis/Tue/19:00 | Nudge Mon/18:12,Badminton/Tue/19:00 | Booked Mon/19:12,NO (3 of 4)
R-095,Badminton/Tue/19:00,Tennis/Thu/19:00 | Nudge Wed/19:00,Badminton/Thu/19:00 | Booked Wed/18:56,NO (3 of 4)
R-095,Badminton/Thu/19:00,Tennis/Sat/19:00 | Nudge Fri/18:27,Tennis/Sat/19:00 | Booked Fri/16:19,YES (4 of 4)
R-095,Tennis/Sat/19:00,Tennis/Tue/19:00 | Nudge Fri/19:13,Tennis/Sat/20:00 | Booked Fri/21:38,NO (2 of 4)
R-095,Tennis/Sat/20:00,Tennis/Tue/19:00 | Nudge Mon/18:57,Tennis/Tue/19:00 | Booked Mon/23:09,NO (3 of 4)
R-095,Tennis/Tue/19:00,Badminton/Thu/19:00 | Nudge Wed/18:47,Badminton/Thu/19:00 | Booked Wed/16:56,YES (4 of 4)
R-095,Badminton/Thu/19:00,Badminton/Sat/19:00 | Nudge Fri/18:24,Tennis/Sat/19:00 | Booked Fri/22:52,NO (2 of 4)
R-095,Tennis/Sat/19:00,Tennis/Tue/19:00 | Nudge Mon/18:21,Badminton/Tue/19:00 | Booked Mon/21:19,NO (3 of 4)
R-095,Badminton/Tue/19:00,Tennis/Thu/19:00 | Nudge Wed/18:49,Tennis/Thu/19:00 | Booked Wed/18:01,YES (4 of 4)
R-095,Tennis/Thu/19:00,Tennis/Sat/19:00 | Nudge Fri/18:05,Tennis/Sat/19:00 | Booked Fri/19:44,YES (4 of 4)
R-095,Tennis/Sat/19:00,Badminton/Tue/19:00 | Nudge Mon/18:33,Tennis/Tue/19:00 | Booked Mon/19:44,NO (3 of 4)
R-095,Tennis/Tue/19:00,Tennis/Thu/19:00 | Nudge Wed/18:44,Tennis/Thu/19:00 | Booked Wed/19:27,YES (4 of 4)
R-095,Tennis/Thu/19:00,Badminton/Sat/19:00 | Nudge Fri/18:22,Tennis/Sat/19:00 | Booked Fri/16:32,NO (3 of 4)
R-095,Tennis/Sat/19:00,Badminton/Tue/19:00 | Nudge Mon/18:53,Tennis/Tue/19:00 | Booked Mon/17:14,NO (3 of 4)
R-095,Tennis/Tue/19:00,Tennis/Thu/19:00 | Nudge Wed/18:59,Badminton/Thu/19:00 | Booked Wed/20:33,NO (3 of 4)
R-095,Badminton/Thu/19:00,Badminton/Sat/19:00 | Nudge Fri/18:36,Tennis/Sat/19:00 | Booked Fri/18:22,NO (3 of 4)
R-095,Tennis/Sat/19:00,Tennis/Tue/19:00 | Nudge Mon/18:40,Badminton/Tue/19:00 | Booked Mon/16:18,NO (3 of 4)
R-095,Badminton/Tue/19:00,Tennis/Thu/19:00 | Nudge Wed/19:01,Badminton/Thu/19:00 | Booked Wed/17:55,NO (3 of 4)
R-095,Badminton/Thu/19:00,Tennis/Sat/19:00 | Nudge Fri/18:10,Badminton/Sat/19:00 | Booked Fri/17:45,NO (3 of 4)
R-095,Badminton/Sat/19:00,Tennis/Tue/19:00 | Nudge Mon/18:28,Tennis/Tue/19:00 | Booked Mon/19:21,YES (4 of 4)
R-095,Tennis/Tue/19:00,Badminton/Thu/19:00 | Nudge Wed/18:35,Tennis/Thu/19:00 | Booked Wed/18:01,NO (3 of 4)
R-095,Tennis/Thu/19:00,Tennis/Sat/19:00 | Nudge Fri/18:36,Badminton/Sat/19:00 | Booked Fri/21:23,NO (3 of 4)
R-095,Badminton/Sat/19:00,Tennis/Tue/19:00 | Nudge Mon/18:40,Badminton/Tue/19:00 | Booked Mon/20:09,NO (3 of 4)
R-095,Badminton/Tue/19:00,Tennis/Thu/19:00 | Nudge Wed/18:37,Badminton/Thu/19:00 | Booked Wed/13:52,NO (2 of 4)
R-095,Badminton/Thu/19:00,Tennis/Sat/19:00 | Nudge Fri/18:27,Tennis/Sat/19:00 | Booked Fri/20:39,YES (4 of 4)
R-095,Tennis/Sat/19:00,Badminton/Tue/19:00 | Nudge Mon/18:43,Badminton/Tue/19:00 | Booked Mon/14:34,NO (3 of 4)
R-095,Badminton/Tue/19:00,Tennis/Thu/19:00 | Nudge Fri/19:17,Tennis/Sat/19:00 | Booked Fri/18:30,NO (3 of 4)
R-095,Tennis/Sat/19:00,Badminton/Tue/19:00 | Nudge Mon/18:58,Tennis/Tue/19:00 | Booked Mon/19:11,NO (3 of 4)
R-095,Tennis/Tue/19:00,Badminton/Thu/19:00 | Nudge Wed/20:12,Tennis/Thu/20:00 | Booked Wed/22:32,NO (2 of 4)
R-095,Tennis/Thu/20:00,Tennis/Sat/19:00 | Nudge Fri/19:44,Badminton/Sat/19:00 | Booked Fri/22:01,NO (3 of 4)
R-095,Badminton/Sat/19:00,Badminton/Tue/19:00 | Nudge Mon/19:14,Badminton/Tue/19:00 | Booked Mon/15:15,NO (3 of 4)
R-095,Badminton/Tue/19:00,Badminton/Thu/19:00 | Nudge Wed/19:07,Badminton/Thu/19:00 | Booked Wed/22:07,YES (4 of 4)
R-095,Badminton/Thu/19:00,Badminton/Sat/19:00 | Nudge Mon/18:33,Tennis/Tue/19:00 | Booked Mon/20:37,NO (2 of 4)
R-095,Tennis/Tue/19:00,Badminton/Thu/19:00 | Nudge Wed/19:50,Tennis/Thu/19:00 | Booked Wed/22:02,NO (3 of 4)
R-096,Pool/Sat/15:00,Pool/Sun/16:00 | Nudge Sun/09:36,Pool/Sun/15:00 | Booked Sun/10:31,NO (3 of 4)
R-096,Pool/Sun/15:00,Pool/Sat/15:00 | Nudge Sat/09:01,Pool/Sat/16:00 | Booked Sat/08:36,NO (3 of 4)
R-096,Pool/Sat/16:00,Pool/Sun/15:00 | Nudge Sat/09:04,Pool/Sat/15:00 | Booked Sat/08:59,NO (3 of 4)
R-096,Pool/Sat/15:00,Pool/Sun/15:00 | Nudge Sun/09:04,Pool/Sun/16:00 | Booked Sun/10:17,NO (3 of 4)
R-096,Pool/Sun/16:00,Pool/Sat/15:00 | Nudge Sat/09:02,Pool/Sat/15:00 | Booked Sat/06:47,YES (4 of 4)
R-096,Pool/Sat/15:00,Pool/Sun/15:00 | Nudge Sun/09:04,Pool/Sun/15:00 | Booked Sun/08:40,YES (4 of 4)
R-096,Pool/Sun/15:00,Pool/Sat/15:00 | Nudge Sat/09:03,Pool/Sat/15:00 | Booked Sat/09:07,YES (4 of 4)
R-096,Pool/Sat/15:00,Pool/Sun/15:00 | Nudge Sun/09:04,Pool/Sun/15:00 | Booked Sun/09:41,YES (4 of 4)
R-096,Pool/Sun/15:00,Pool/Sat/15:00 | Nudge Sat/09:00,Pool/Sat/15:00 | Booked Sat/10:29,YES (4 of 4)
R-096,Pool/Sat/15:00,Pool/Sun/15:00 | Nudge Sun/09:04,Pool/Sun/15:00 | Booked Sun/09:26,YES (4 of 4)
R-096,Pool/Sun/15:00,Pool/Sat/15:00 | Nudge Sat/09:00,Pool/Sat/15:00 | Booked Sat/07:52,YES (4 of 4)
R-096,Pool/Sat/15:00,Pool/Sun/15:00 | Nudge Sun/09:04,Pool/Sun/15:00 | Booked Sun/09:08,YES (4 of 4)
R-096,Pool/Sun/15:00,Pool/Sat/15:00 | Nudge Sat/09:00,Pool/Sat/15:00 | Booked Sat/09:32,YES (4 of 4)
R-096,Pool/Sat/15:00,Pool/Sun/15:00 | Nudge Sun/09:04,Pool/Sun/15:00 | Booked Sun/10:25,YES (4 of 4)
R-096,Pool/Sun/15:00,Pool/Sat/15:00 | Nudge Sat/09:07,Clubhouse/Sat/15:00 | Booked Sat/10:14,NO (3 of 4)
R-096,Clubhouse/Sat/15:00,Pool/Sun/15:00 | Nudge Sun/09:00,Clubhouse/Sun/16:00 | Booked Sun/11:32,NO (2 of 4)
R-096,Clubhouse/Sun/16:00,Pool/Sat/15:00 | Nudge Sat/08:59,Pool/Sat/15:00 | Booked Sat/08:03,YES (4 of 4)
R-096,Pool/Sat/15:00,Clubhouse/Sun/15:00 | Nudge Sun/09:00,Pool/Sun/15:00 | Booked Sun/08:37,NO (3 of 4)
R-096,Pool/Sun/15:00,Pool/Sat/15:00 | Nudge Sat/08:57,Pool/Sat/15:00 | Booked Sat/09:58,YES (4 of 4)
R-096,Pool/Sat/15:00,Pool/Sun/15:00 | Nudge Sun/08:59,Pool/Sun/15:00 | Booked Sun/07:59,YES (4 of 4)
R-096,Pool/Sun/15:00,Pool/Sat/15:00 | Nudge Sat/08:57,Pool/Sat/15:00 | Booked Sat/09:40,YES (4 of 4)
R-096,Pool/Sat/15:00,Pool/Sun/15:00 | Nudge Sun/08:59,Pool/Sun/15:00 | Booked Sun/09:42,YES (4 of 4)
R-096,Pool/Sun/15:00,Pool/Sat/15:00 | Nudge Sat/08:57,Pool/Sat/15:00 | Booked Sat/09:15,YES (4 of 4)
R-096,Pool/Sat/15:00,Pool/Sun/15:00 | Nudge Sun/08:59,Pool/Sun/16:00 | Booked Sun/10:49,NO (3 of 4)
R-096,Pool/Sun/16:00,Pool/Sat/15:00 | Nudge Sat/08:59,Pool/Sat/15:00 | Booked Sat/09:07,YES (4 of 4)
R-096,Pool/Sat/15:00,Pool/Sun/15:00 | Nudge Sun/08:59,Pool/Sun/15:00 | Booked Sun/09:31,YES (4 of 4)
R-096,Pool/Sun/15:00,Pool/Sat/15:00 | Nudge Sat/08:57,Pool/Sat/16:00 | Booked Sat/11:10,NO (3 of 4)
R-096,Pool/Sat/16:00,Pool/Sun/15:00 | Nudge Sun/09:00,Pool/Sun/15:00 | Booked Sun/10:30,YES (4 of 4)
R-096,Pool/Sun/15:00,Pool/Sat/15:00 | Nudge Sat/08:57,Pool/Sat/16:00 | Booked Sat/12:00,NO (3 of 4)
R-096,Pool/Sat/16:00,Pool/Sun/15:00 | Nudge Sun/09:00,Clubhouse/Sun/15:00 | Booked Sun/09:03,NO (3 of 4)
R-096,Clubhouse/Sun/15:00,Pool/Sat/15:00 | Nudge Sat/08:57,Clubhouse/Sat/15:00 | Booked Sat/08:42,NO (3 of 4)
R-096,Clubhouse/Sat/15:00,Pool/Sun/15:00 | Nudge Sun/08:59,Pool/Sun/15:00 | Booked Sun/08:48,YES (4 of 4)
R-097,Tennis/Thu/20:00,Badminton/Sat/19:00 | Nudge Fri/18:42,Badminton/Sat/19:00 | Booked Fri/16:25,YES (4 of 4)
R-097,Badminton/Sat/19:00,Badminton/Tue/19:00 | Nudge Mon/19:14,Badminton/Tue/19:00 | Booked Mon/20:56,YES (4 of 4)
R-097,Badminton/Tue/19:00,Tennis/Thu/19:00 | Nudge Wed/18:52,Badminton/Thu/19:00 | Booked Wed/20:18,NO (3 of 4)
R-097,Badminton/Thu/19:00,Tennis/Sat/19:00 | Nudge Fri/20:01,Tennis/Sat/19:00 | Booked Fri/14:36,NO (3 of 4)
R-097,Tennis/Sat/19:00,Tennis/Tue/19:00 | Nudge Mon/19:00,Tennis/Tue/19:00 | Booked Mon/18:55,YES (4 of 4)
R-097,Tennis/Tue/19:00,Tennis/Thu/19:00 | Nudge Wed/18:49,Badminton/Thu/19:00 | Booked Wed/21:20,NO (3 of 4)
R-097,Badminton/Thu/19:00,Badminton/Sat/19:00 | Nudge Fri/18:57,Tennis/Sat/19:00 | Booked Fri/19:04,NO (3 of 4)
R-097,Tennis/Sat/19:00,Badminton/Tue/19:00 | Nudge Mon/18:51,Tennis/Tue/19:00 | Booked Mon/15:14,NO (2 of 4)
R-097,Tennis/Tue/19:00,Tennis/Thu/19:00 | Nudge Wed/19:00,Badminton/Thu/19:00 | Booked Wed/17:24,NO (3 of 4)
R-097,Badminton/Thu/19:00,Badminton/Sat/19:00 | Nudge Fri/18:59,Tennis/Sat/19:00 | Booked Fri/15:58,NO (2 of 4)
R-097,Tennis/Sat/19:00,Tennis/Tue/19:00 | Nudge Mon/19:27,Badminton/Tue/19:00 | Booked Mon/20:06,NO (3 of 4)
R-097,Badminton/Tue/19:00,Tennis/Thu/19:00 | Nudge Wed/19:37,Tennis/Thu/19:00 | Booked Wed/16:19,NO (3 of 4)
R-097,Tennis/Thu/19:00,Tennis/Sat/19:00 | Nudge Fri/18:48,Tennis/Sat/19:00 | Booked Fri/19:14,YES (4 of 4)
R-097,Tennis/Sat/19:00,Tennis/Tue/19:00 | Nudge Mon/19:51,Tennis/Tue/19:00 | Booked Mon/19:12,YES (4 of 4)
R-097,Tennis/Tue/19:00,Badminton/Thu/19:00 | Nudge Wed/19:46,Tennis/Thu/19:00 | Booked Wed/19:34,NO (3 of 4)
R-097,Tennis/Thu/19:00,Tennis/Sat/19:00 | Nudge Fri/19:10,Badminton/Sat/19:00 | Booked Fri/12:59,NO (2 of 4)
R-097,Badminton/Sat/19:00,Tennis/Tue/19:00 | Nudge Mon/19:38,Tennis/Tue/19:00 | Booked Mon/16:56,YES (4 of 4)
R-097,Tennis/Tue/19:00,Tennis/Thu/19:00 | Nudge Wed/19:51,Badminton/Thu/19:00 | Booked Wed/19:31,NO (3 of 4)
R-097,Badminton/Thu/19:00,Badminton/Sat/19:00 | Nudge Fri/18:52,Tennis/Sat/19:00 | Booked Fri/20:39,NO (3 of 4)
R-097,Tennis/Sat/19:00,Tennis/Tue/19:00 | Nudge Mon/19:23,Tennis/Tue/19:00 | Booked Mon/19:50,YES (4 of 4)
R-097,Tennis/Tue/19:00,Badminton/Thu/19:00 | Nudge Fri/20:04,Badminton/Sat/19:00 | Booked Fri/16:45,NO (2 of 4)
R-097,Badminton/Sat/19:00,Badminton/Tue/19:00 | Nudge Mon/19:36,Tennis/Tue/19:00 | Booked Mon/18:37,NO (3 of 4)
R-097,Tennis/Tue/19:00,Badminton/Thu/19:00 | Nudge Wed/19:57,Badminton/Thu/20:00 | Booked Wed/17:21,NO (2 of 4)
R-097,Badminton/Thu/20:00,Tennis/Sat/19:00 | Nudge Fri/18:59,Badminton/Sat/20:00 | Booked Fri/23:22,NO (1 of 4)
R-097,Badminton/Sat/20:00,Tennis/Tue/19:00 | Nudge Fri/19:29,Tennis/Sat/19:00 | Booked Fri/18:45,NO (3 of 4)
R-097,Tennis/Sat/19:00,Badminton/Tue/19:00 | Nudge Mon/19:16,Tennis/Tue/19:00 | Booked Mon/20:44,NO (3 of 4)
R-097,Tennis/Tue/19:00,Badminton/Thu/19:00 | Nudge Wed/19:07,Tennis/Thu/19:00 | Booked Wed/22:20,NO (2 of 4)
R-097,Tennis/Thu/19:00,Badminton/Sat/19:00 | Nudge Fri/20:14,Badminton/Sat/19:00 | Booked Fri/17:59,YES (4 of 4)
R-097,Badminton/Sat/19:00,Badminton/Tue/19:00 | Nudge Mon/19:57,Badminton/Tue/19:00 | Booked Mon/18:22,YES (4 of 4)
R-097,Badminton/Tue/19:00,Badminton/Thu/19:00 | Nudge Wed/19:56,Tennis/Thu/19:00 | Booked Wed/20:30,NO (3 of 4)
R-097,Tennis/Thu/19:00,Badminton/Sat/19:00 | Nudge Fri/19:28,Tennis/Sat/19:00 | Booked Fri/21:09,NO (3 of 4)
R-097,Tennis/Sat/19:00,Badminton/Tue/19:00 | Nudge Mon/19:24,Badminton/Tue/19:00 | Booked Mon/18:23,YES (4 of 4)
R-097,Badminton/Tue/19:00,Badminton/Thu/19:00 | Nudge Wed/19:38,Badminton/Thu/19:00 | Booked Wed/15:53,NO (3 of 4)
R-097,Badminton/Thu/19:00,Tennis/Sat/19:00 | Nudge Fri/19:28,Badminton/Sat/19:00 | Booked Fri/17:36,NO (3 of 4)
R-097,Badminton/Sat/19:00,Badminton/Tue/19:00 | Nudge Mon/19:47,Badminton/Tue/19:00 | Booked Mon/21:10,YES (4 of 4)
R-097,Badminton/Tue/19:00,Badminton/Thu/19:00 | Nudge Wed/19:20,Tennis/Thu/19:00 | Booked Wed/20:24,NO (3 of 4)
R-097,Tennis/Thu/19:00,Badminton/Sat/19:00 | Nudge Mon/19:01,Tennis/Tue/19:00 | Booked Mon/19:27,NO (2 of 4)
R-097,Tennis/Tue/19:00,Tennis/Thu/19:00 | Nudge Fri/19:23,Tennis/Sat/19:00 | Booked Fri/19:15,NO (3 of 4)
R-097,Tennis/Sat/19:00,Badminton/Tue/19:00 | Nudge Mon/19:30,Badminton/Tue/19:00 | Booked Mon/17:40,YES (4 of 4)
R-097,Badminton/Tue/19:00,Badminton/Thu/19:00 | Nudge Wed/19:31,Badminton/Thu/19:00 | Booked Wed/17:42,YES (4 of 4)
R-097,Badminton/Thu/19:00,Badminton/Sat/19:00 | Nudge Fri/19:07,Tennis/Sat/19:00 | Booked Fri/22:13,NO (2 of 4)
R-097,Tennis/Sat/19:00,Badminton/Tue/19:00 | Nudge Mon/19:23,Tennis/Tue/19:00 | Booked Mon/15:15,NO (2 of 4)
R-097,Tennis/Tue/19:00,Badminton/Thu/19:00 | Nudge Wed/19:45,Tennis/Thu/19:00 | Booked Wed/21:42,NO (3 of 4)
R-097,Tennis/Thu/19:00,Badminton/Sat/19:00 | Nudge Fri/18:56,Tennis/Sat/19:00 | Booked Fri/21:58,NO (2 of 4)
R-097,Tennis/Sat/19:00,Badminton/Tue/19:00 | Nudge Mon/19:16,Badminton/Tue/19:00 | Booked Mon/16:47,YES (4 of 4)
R-097,Badminton/Tue/19:00,Badminton/Thu/19:00 | Nudge Wed/19:49,Badminton/Thu/19:00 | Booked Wed/18:36,YES (4 of 4)
R-098,Pool/Sat/15:00,Pool/Sun/15:00 | Nudge Sun/08:28,Pool/Sun/16:00 | Booked Sun/10:12,NO (3 of 4)
R-098,Pool/Sun/16:00,Pool/Sat/16:00 | Nudge Sat/10:00,Pool/Sat/16:00 | Booked Sat/08:51,YES (4 of 4)
R-098,Pool/Sat/16:00,Pool/Sun/15:00 | Nudge Sat/09:04,Pool/Sat/15:00 | Booked Sat/08:20,NO (3 of 4)
R-098,Pool/Sat/15:00,Pool/Sun/15:00 | Nudge Sat/09:04,Pool/Sat/16:00 | Booked Sat/10:28,NO (2 of 4)
R-098,Pool/Sat/16:00,Clubhouse/Sun/15:00 | Nudge Sun/09:04,Pool/Sun/15:00 | Booked Sun/10:54,NO (3 of 4)
R-098,Pool/Sun/15:00,Pool/Sat/15:00 | Nudge Sat/09:03,Clubhouse/Sat/15:00 | Booked Sat/09:03,NO (3 of 4)
R-098,Clubhouse/Sat/15:00,Pool/Sun/15:00 | Nudge Sun/09:01,Pool/Sun/15:00 | Booked Sun/09:37,YES (4 of 4)
R-098,Pool/Sun/15:00,Pool/Sat/15:00 | Nudge Sat/09:08,Clubhouse/Sat/15:00 | Booked Sat/10:04,NO (3 of 4)
R-098,Clubhouse/Sat/15:00,Pool/Sun/15:00 | Nudge Sun/09:06,Pool/Sun/15:00 | Booked Sun/08:03,YES (4 of 4)
R-098,Pool/Sun/15:00,Pool/Sat/15:00 | Nudge Sat/09:10,Pool/Sat/16:00 | Booked Sat/10:56,NO (3 of 4)
R-098,Pool/Sat/16:00,Pool/Sun/15:00 | Nudge Sun/09:07,Pool/Sun/15:00 | Booked Sun/09:10,YES (4 of 4)
R-098,Pool/Sun/15:00,Pool/Sat/15:00 | Nudge Sat/09:04,Pool/Sat/16:00 | Booked Sat/10:08,NO (3 of 4)
R-098,Pool/Sat/16:00,Pool/Sun/15:00 | Nudge Sun/09:06,Clubhouse/Sun/16:00 | Booked Sun/10:33,NO (2 of 4)
R-098,Clubhouse/Sun/16:00,Pool/Sat/15:00 | Nudge Sat/09:06,Pool/Sat/15:00 | Booked Sat/07:01,YES (4 of 4)
R-098,Pool/Sat/15:00,Pool/Sun/15:00 | Nudge Sun/09:02,Pool/Sun/16:00 | Booked Sun/10:18,NO (3 of 4)
R-098,Pool/Sun/16:00,Pool/Sat/15:00 | Nudge Sat/09:00,Pool/Sat/15:00 | Booked Sat/08:01,YES (4 of 4)
R-098,Pool/Sat/15:00,Pool/Sun/15:00 | Nudge Sun/09:02,Pool/Sun/16:00 | Booked Sun/11:19,NO (3 of 4)
R-098,Pool/Sun/16:00,Pool/Sat/15:00 | Nudge Sat/09:07,Pool/Sat/15:00 | Booked Sat/08:20,YES (4 of 4)
R-098,Pool/Sat/15:00,Pool/Sun/15:00 | Nudge Sun/09:01,Pool/Sun/15:00 | Booked Sun/05:43,NO (3 of 4)
R-098,Pool/Sun/15:00,Pool/Sat/15:00 | Nudge Sun/08:57,Clubhouse/Sun/15:00 | Booked Sun/08:18,NO (2 of 4)
R-098,Clubhouse/Sun/15:00,Pool/Sat/15:00 | Nudge Sat/08:58,Clubhouse/Sat/16:00 | Booked Sat/09:42,NO (2 of 4)
R-098,Clubhouse/Sat/16:00,Pool/Sun/15:00 | Nudge Sun/09:01,Clubhouse/Sun/15:00 | Booked Sun/10:03,NO (3 of 4)
R-098,Clubhouse/Sun/15:00,Pool/Sat/15:00 | Nudge Sun/08:56,Clubhouse/Sun/15:00 | Booked Sun/07:17,NO (2 of 4)
R-098,Clubhouse/Sun/15:00,Pool/Sat/15:00 | Nudge Sun/08:56,Pool/Sun/16:00 | Booked Sun/09:57,NO (2 of 4)
R-098,Pool/Sun/16:00,Pool/Sat/15:00 | Nudge Sat/08:58,Pool/Sat/15:00 | Booked Sat/08:51,YES (4 of 4)
R-098,Pool/Sat/15:00,Pool/Sun/15:00 | Nudge Sat/08:57,Pool/Sat/15:00 | Booked Sat/08:52,NO (3 of 4)
R-098,Pool/Sat/15:00,Pool/Sun/15:00 | Nudge Sun/08:57,Pool/Sun/16:00 | Booked Sun/10:38,NO (3 of 4)
R-099,Tennis/Thu/17:00,Tennis/Fri/16:00 | Nudge Sat/01:25,Pool/Sat/12:00 | Booked Fri/21:31,NO (1 of 4)
R-099,Pool/Sat/12:00,Pool/Tue/16:00 | Nudge Sun/04:37,Clubhouse/Sun/15:00 | Booked Sun/01:41,NO (1 of 4)
R-099,Clubhouse/Sun/15:00,Pool/Sat/15:00 | Nudge Tue/01:19,Clubhouse/Tue/16:00 | Booked Tue/00:52,NO (1 of 4)
R-099,Clubhouse/Tue/16:00,Pool/Fri/15:00 | Nudge Thu/03:24,Pool/Thu/09:00 | Booked Wed/20:26,NO (2 of 4)
R-099,Pool/Thu/09:00,Pool/Sun/16:00 | Nudge Fri/01:57,Tennis/Fri/14:00 | Booked Fri/03:29,NO (0 of 4)
R-099,Tennis/Fri/14:00,Badminton/Mon/17:00 | Nudge Fri/02:00,Tennis/Fri/08:00 | Booked Thu/20:28,NO (0 of 4)
R-099,Tennis/Fri/08:00,Gym/Sat/11:00 | Nudge Mon/22:29,Tennis/Tue/08:00 | Booked Mon/20:58,NO (1 of 4)
R-099,Tennis/Tue/08:00,Pool/Sat/11:00 | Nudge Fri/01:25,Tennis/Fri/19:00 | Booked Fri/04:07,NO (0 of 4)
R-099,Tennis/Fri/19:00,Tennis/Tue/11:00 | Nudge Sun/22:38,Badminton/Mon/10:00 | Booked Sun/15:37,NO (0 of 4)
R-099,Badminton/Mon/10:00,Gym/Wed/10:00 | Nudge Mon/23:24,Badminton/Tue/18:00 | Booked Tue/00:18,NO (0 of 4)
R-099,Badminton/Tue/18:00,Badminton/Thu/08:00 | Nudge Mon/21:38,Badminton/Tue/08:00 | Booked Mon/23:53,NO (3 of 4)
R-100,Tennis/Thu/20:00,Tennis/Sat/19:00 | Nudge Mon/18:15,Badminton/Tue/19:00 | Booked Mon/19:18,NO (2 of 4)
R-100,Badminton/Tue/19:00,Tennis/Thu/19:00 | Nudge Fri/18:33,Tennis/Sat/19:00 | Booked Fri/18:24,NO (3 of 4)
R-100,Tennis/Sat/19:00,Badminton/Tue/19:00 | Nudge Fri/19:28,Tennis/Sat/19:00 | Booked Fri/17:29,NO (2 of 4)
R-100,Tennis/Sat/19:00,Badminton/Tue/19:00 | Nudge Mon/19:08,Tennis/Tue/19:00 | Booked Mon/14:42,NO (2 of 4)
R-100,Tennis/Tue/19:00,Badminton/Thu/19:00 | Nudge Wed/19:26,Badminton/Thu/19:00 | Booked Wed/20:41,YES (4 of 4)
R-100,Badminton/Thu/19:00,Tennis/Sat/19:00 | Nudge Fri/19:19,Tennis/Sat/19:00 | Booked Fri/18:30,YES (4 of 4)
R-100,Tennis/Sat/19:00,Tennis/Tue/19:00 | Nudge Mon/18:45,Tennis/Tue/19:00 | Booked Mon/19:35,YES (4 of 4)
R-100,Tennis/Tue/19:00,Badminton/Thu/19:00 | Nudge Fri/19:07,Badminton/Sat/19:00 | Booked Fri/17:43,NO (3 of 4)
R-100,Badminton/Sat/19:00,Badminton/Tue/19:00 | Nudge Mon/20:05,Badminton/Tue/19:00 | Booked Mon/15:04,NO (3 of 4)
R-100,Badminton/Tue/19:00,Badminton/Thu/19:00 | Nudge Wed/19:35,Tennis/Thu/19:00 | Booked Wed/23:24,NO (2 of 4)
R-100,Tennis/Thu/19:00,Badminton/Sat/19:00 | Nudge Wed/19:37,Badminton/Thu/19:00 | Booked Wed/19:44,NO (3 of 4)
R-100,Badminton/Thu/19:00,Tennis/Sat/19:00 | Nudge Fri/19:03,Tennis/Sat/19:00 | Booked Fri/20:17,YES (4 of 4)
R-100,Tennis/Sat/19:00,Badminton/Tue/19:00 | Nudge Mon/19:26,Badminton/Tue/19:00 | Booked Mon/19:08,YES (4 of 4)
R-100,Badminton/Tue/19:00,Tennis/Thu/19:00 | Nudge Wed/19:28,Badminton/Thu/19:00 | Booked Wed/18:20,NO (3 of 4)
R-100,Badminton/Thu/19:00,Badminton/Sat/19:00 | Nudge Fri/18:43,Badminton/Sat/19:00 | Booked Fri/19:33,YES (4 of 4)
R-100,Badminton/Sat/19:00,Badminton/Tue/19:00 | Nudge Wed/18:51,Tennis/Thu/20:00 | Booked Wed/21:11,NO (1 of 4)
R-100,Tennis/Thu/20:00,Tennis/Sat/19:00 | Nudge Fri/18:43,Tennis/Sat/19:00 | Booked Fri/19:11,YES (4 of 4)
R-100,Tennis/Sat/19:00,Badminton/Tue/19:00 | Nudge Mon/19:08,Badminton/Tue/19:00 | Booked Mon/19:40,YES (4 of 4)
R-100,Badminton/Tue/19:00,Badminton/Thu/19:00 | Nudge Wed/18:56,Badminton/Thu/19:00 | Booked Wed/21:23,YES (4 of 4)
R-100,Badminton/Thu/19:00,Badminton/Sat/19:00 | Nudge Fri/18:24,Tennis/Sat/19:00 | Booked Fri/16:43,NO (3 of 4)
R-100,Tennis/Sat/19:00,Badminton/Tue/19:00 | Nudge Mon/18:44,Badminton/Tue/19:00 | Booked Mon/20:07,YES (4 of 4)
R-100,Badminton/Tue/19:00,Badminton/Thu/19:00 | Nudge Fri/18:56,Tennis/Sat/19:00 | Booked Fri/21:22,NO (2 of 4)
R-100,Tennis/Sat/19:00,Badminton/Tue/19:00 | Nudge Mon/18:47,Badminton/Tue/19:00 | Booked Mon/20:45,YES (4 of 4)
R-100,Badminton/Tue/19:00,Badminton/Thu/19:00 | Nudge Wed/19:08,Tennis/Thu/20:00 | Booked Wed/17:53,NO (2 of 4)
R-100,Tennis/Thu/20:00,Tennis/Sat/19:00 | Nudge Fri/18:25,Badminton/Sat/20:00 | Booked Fri/18:41,NO (2 of 4)
R-100,Badminton/Sat/20:00,Badminton/Tue/19:00 | Nudge Mon/19:28,Badminton/Tue/19:00 | Booked Mon/16:06,NO (3 of 4)
R-100,Badminton/Tue/19:00,Badminton/Thu/19:00 | Nudge Wed/18:57,Tennis/Thu/19:00 | Booked Wed/20:24,NO (3 of 4)
R-100,Tennis/Thu/19:00,Badminton/Sat/19:00 | Nudge Fri/18:33,Badminton/Sat/19:00 | Booked Fri/19:49,YES (4 of 4)
R-100,Badminton/Sat/19:00,Badminton/Tue/19:00 | Nudge Mon/18:41,Badminton/Tue/19:00 | Booked Mon/21:29,YES (4 of 4)
R-100,Badminton/Tue/19:00,Badminton/Thu/19:00 | Nudge Wed/18:44,Tennis/Thu/19:00 | Booked Wed/21:20,NO (3 of 4)
R-100,Tennis/Thu/19:00,Badminton/Sat/19:00 | Nudge Fri/18:10,Tennis/Sat/20:00 | Booked Fri/20:12,NO (2 of 4)
R-100,Tennis/Sat/20:00,Badminton/Tue/19:00 | Nudge Mon/18:56,Badminton/Tue/19:00 | Booked Mon/17:17,YES (4 of 4)
R-100,Badminton/Tue/19:00,Tennis/Thu/19:00 | Nudge Wed/18:53,Badminton/Thu/19:00 | Booked Wed/17:52,NO (3 of 4)
R-100,Badminton/Thu/19:00,Tennis/Sat/19:00 | Nudge Fri/18:10,Badminton/Sat/19:00 | Booked Fri/19:53,NO (3 of 4)
R-100,Badminton/Sat/19:00,Badminton/Tue/19:00 | Nudge Mon/18:28,Tennis/Tue/19:00 | Booked Mon/16:46,NO (3 of 4)
R-100,Tennis/Tue/19:00,Badminton/Thu/19:00 | Nudge Wed/18:42,Tennis/Thu/19:00 | Booked Wed/19:34,NO (3 of 4)
R-100,Tennis/Thu/19:00,Badminton/Sat/19:00 | Nudge Mon/19:10,Tennis/Tue/19:00 | Booked Mon/16:11,NO (2 of 4)
R-100,Tennis/Tue/19:00,Badminton/Thu/19:00 | Nudge Wed/19:16,Badminton/Thu/19:00 | Booked Wed/21:22,YES (4 of 4)
R-100,Badminton/Thu/19:00,Badminton/Sat/19:00 | Nudge Fri/19:46,Tennis/Sat/19:00 | Booked Fri/18:57,NO (3 of 4)
R-100,Tennis/Sat/19:00,Badminton/Tue/19:00 | Nudge Mon/19:00,Badminton/Tue/19:00 | Booked Mon/17:48,YES (4 of 4)
R-101,Gym/Fri/07:00,Gym/Mon/07:00 | Nudge Wed/01:42,Gym/Wed/07:00 | Booked Wed/03:43,NO (3 of 4)
R-101,Gym/Wed/07:00,Gym/Fri/07:00 | Nudge Mon/03:46,Gym/Mon/07:00 | Booked Mon/04:19,NO (3 of 4)
R-101,Gym/Mon/07:00,Gym/Wed/07:00 | Nudge Wed/03:58,Gym/Wed/07:00 | Booked Wed/04:16,YES (4 of 4)
R-101,Gym/Wed/07:00,Gym/Fri/07:00 | Nudge Fri/03:56,Pool/Fri/07:00 | Booked Fri/04:06,NO (3 of 4)
R-101,Pool/Fri/07:00,Gym/Mon/07:00 | Nudge Wed/03:55,Gym/Wed/07:00 | Booked Wed/04:01,NO (3 of 4)
R-101,Gym/Wed/07:00,Gym/Fri/07:00 | Nudge Fri/03:16,Gym/Fri/07:00 | Booked Fri/04:28,YES (4 of 4)
R-101,Gym/Fri/07:00,Gym/Mon/07:00 | Nudge Mon/04:01,Gym/Mon/07:00 | Booked Mon/03:51,YES (4 of 4)
R-101,Gym/Mon/07:00,Gym/Wed/07:00 | Nudge Wed/03:58,Gym/Wed/07:00 | Booked Wed/03:48,YES (4 of 4)
R-101,Gym/Wed/07:00,Gym/Fri/07:00 | Nudge Fri/03:58,Gym/Fri/07:00 | Booked Fri/03:56,YES (4 of 4)
R-101,Gym/Fri/07:00,Gym/Mon/07:00 | Nudge Mon/03:58,Gym/Mon/07:00 | Booked Mon/03:23,YES (4 of 4)
R-101,Gym/Mon/07:00,Gym/Wed/07:00 | Nudge Wed/03:58,Gym/Wed/07:00 | Booked Wed/04:02,YES (4 of 4)
R-101,Gym/Wed/07:00,Gym/Fri/07:00 | Nudge Fri/03:58,Gym/Fri/07:00 | Booked Fri/02:53,YES (4 of 4)
R-101,Gym/Fri/07:00,Gym/Mon/07:00 | Nudge Mon/03:58,Gym/Mon/07:00 | Booked Mon/03:50,YES (4 of 4)
R-101,Gym/Mon/07:00,Gym/Wed/07:00 | Nudge Wed/03:58,Gym/Wed/07:00 | Booked Wed/03:54,YES (4 of 4)
R-101,Gym/Wed/07:00,Gym/Fri/07:00 | Nudge Fri/03:58,Gym/Fri/07:00 | Booked Fri/03:38,YES (4 of 4)
R-101,Gym/Fri/07:00,Gym/Mon/07:00 | Nudge Mon/03:58,Gym/Mon/18:00 | Booked Mon/14:50,NO (3 of 4)
R-101,Gym/Mon/18:00,Gym/Wed/07:00 | Nudge Wed/03:58,Gym/Wed/18:00 | Booked Wed/15:32,NO (3 of 4)
R-101,Gym/Wed/18:00,Gym/Fri/07:00 | Nudge Fri/03:58,Gym/Fri/07:00 | Booked Fri/03:36,YES (4 of 4)
R-101,Gym/Fri/07:00,Gym/Mon/07:00 | Nudge Mon/03:58,Gym/Mon/07:00 | Booked Mon/04:53,YES (4 of 4)
R-101,Gym/Mon/07:00,Gym/Wed/07:00 | Nudge Wed/03:58,Gym/Wed/07:00 | Booked Wed/04:32,YES (4 of 4)
R-101,Gym/Wed/07:00,Gym/Fri/07:00 | Nudge Fri/03:58,Gym/Fri/07:00 | Booked Fri/04:32,YES (4 of 4)
R-101,Gym/Fri/07:00,Gym/Mon/07:00 | Nudge Mon/03:58,Gym/Mon/07:00 | Booked Mon/04:53,YES (4 of 4)
R-101,Gym/Mon/07:00,Gym/Wed/07:00 | Nudge Wed/03:58,Gym/Wed/07:00 | Booked Wed/04:28,YES (4 of 4)
R-101,Gym/Wed/07:00,Gym/Fri/07:00 | Nudge Fri/03:58,Gym/Fri/07:00 | Booked Fri/03:51,YES (4 of 4)
R-101,Gym/Fri/07:00,Gym/Mon/07:00 | Nudge Mon/03:58,Gym/Mon/07:00 | Booked Mon/03:40,YES (4 of 4)
R-101,Gym/Mon/07:00,Gym/Wed/07:00 | Nudge Wed/03:58,Gym/Wed/18:00 | Booked Wed/14:49,NO (3 of 4)
R-101,Gym/Wed/18:00,Gym/Fri/07:00 | Nudge Fri/03:58,Pool/Fri/07:00 | Booked Fri/03:52,NO (3 of 4)
R-101,Pool/Fri/07:00,Gym/Mon/07:00 | Nudge Mon/03:58,Pool/Mon/18:00 | Booked Mon/15:08,NO (2 of 4)
R-101,Pool/Mon/18:00,Gym/Wed/07:00 | Nudge Wed/03:58,Gym/Wed/07:00 | Booked Wed/04:08,YES (4 of 4)
R-101,Gym/Wed/07:00,Gym/Fri/07:00 | Nudge Fri/03:58,Gym/Fri/18:00 | Booked Fri/15:08,NO (3 of 4)
R-101,Gym/Fri/18:00,Gym/Mon/07:00 | Nudge Mon/03:58,Gym/Mon/07:00 | Booked Mon/04:13,YES (4 of 4)
R-101,Gym/Mon/07:00,Gym/Wed/07:00 | Nudge Wed/03:58,Pool/Wed/07:00 | Booked Wed/03:57,NO (3 of 4)
R-101,Pool/Wed/07:00,Gym/Fri/07:00 | Nudge Fri/03:58,Gym/Fri/18:00 | Booked Fri/14:44,NO (3 of 4)
R-101,Gym/Fri/18:00,Gym/Mon/07:00 | Nudge Mon/03:58,Gym/Mon/07:00 | Booked Mon/04:00,YES (4 of 4)
R-101,Gym/Mon/07:00,Gym/Wed/07:00 | Nudge Wed/03:58,Gym/Wed/07:00 | Booked Wed/03:01,YES (4 of 4)
R-101,Gym/Wed/07:00,Gym/Fri/07:00 | Nudge Fri/03:58,Gym/Fri/07:00 | Booked Fri/03:39,YES (4 of 4)
R-101,Gym/Fri/07:00,Gym/Mon/07:00 | Nudge Fri/03:58,Gym/Fri/07:00 | Booked Fri/04:11,NO (3 of 4)
R-101,Gym/Fri/07:00,Gym/Mon/07:00 | Nudge Fri/03:58,Gym/Fri/07:00 | Booked Fri/03:54,NO (3 of 4)
R-101,Gym/Fri/07:00,Gym/Mon/07:00 | Nudge Mon/03:58,Gym/Mon/07:00 | Booked Mon/04:08,YES (4 of 4)
R-101,Gym/Mon/07:00,Gym/Wed/07:00 | Nudge Wed/03:58,Gym/Wed/07:00 | Booked Wed/04:57,YES (4 of 4)
R-101,Gym/Wed/07:00,Gym/Fri/07:00 | Nudge Fri/03:58,Gym/Fri/07:00 | Booked Fri/03:43,YES (4 of 4)
R-101,Gym/Fri/07:00,Gym/Mon/07:00 | Nudge Mon/03:58,Gym/Mon/18:00 | Booked Mon/15:39,NO (3 of 4)
R-101,Gym/Mon/18:00,Gym/Wed/07:00 | Nudge Wed/03:58,Gym/Wed/07:00 | Booked Wed/04:00,YES (4 of 4)
R-102,Pool/Sat/15:00,Pool/Sun/16:00 | Nudge Sun/09:38,Pool/Sun/15:00 | Booked Sun/09:02,NO (3 of 4)
R-102,Pool/Sun/15:00,Pool/Sat/15:00 | Nudge Sun/09:01,Pool/Sun/15:00 | Booked Sun/08:26,NO (3 of 4)
R-102,Pool/Sun/15:00,Pool/Sat/15:00 | Nudge Sat/08:09,Pool/Sat/16:00 | Booked Sat/10:58,NO (3 of 4)
R-102,Pool/Sat/16:00,Pool/Sun/15:00 | Nudge Sun/09:02,Pool/Sun/15:00 | Booked Sun/10:23,YES (4 of 4)
R-102,Pool/Sun/15:00,Pool/Sat/15:00 | Nudge Sat/09:01,Pool/Sat/15:00 | Booked Sat/10:33,YES (4 of 4)
R-102,Pool/Sat/15:00,Pool/Sun/15:00 | Nudge Sun/09:02,Pool/Sun/15:00 | Booked Sun/08:51,YES (4 of 4)
R-102,Pool/Sun/15:00,Pool/Sat/15:00 | Nudge Sat/09:01,Pool/Sat/15:00 | Booked Sat/08:59,YES (4 of 4)
R-102,Pool/Sat/15:00,Pool/Sun/15:00 | Nudge Sun/09:02,Pool/Sun/15:00 | Booked Sun/09:09,YES (4 of 4)
R-102,Pool/Sun/15:00,Pool/Sat/16:00 | Nudge Sat/10:01,Pool/Sat/15:00 | Booked Sat/10:09,NO (3 of 4)
R-102,Pool/Sat/15:00,Pool/Sun/15:00 | Nudge Sun/09:02,Pool/Sun/15:00 | Booked Sun/09:46,YES (4 of 4)
R-102,Pool/Sun/15:00,Pool/Sat/16:00 | Nudge Sat/10:01,Pool/Sat/16:00 | Booked Sat/09:17,YES (4 of 4)
R-102,Pool/Sat/16:00,Pool/Sun/15:00 | Nudge Sat/09:04,Pool/Sat/16:00 | Booked Sat/10:39,NO (2 of 4)
R-102,Pool/Sat/16:00,Pool/Sun/15:00 | Nudge Sun/09:04,Pool/Sun/15:00 | Booked Sun/10:29,YES (4 of 4)
R-102,Pool/Sun/15:00,Pool/Sat/15:00 | Nudge Sat/09:01,Pool/Sat/15:00 | Booked Sat/08:35,YES (4 of 4)
R-102,Pool/Sat/15:00,Clubhouse/Sun/15:00 | Nudge Sun/09:02,Pool/Sun/15:00 | Booked Sun/09:20,NO (3 of 4)
R-102,Pool/Sun/15:00,Clubhouse/Sat/15:00 | Nudge Sat/09:01,Clubhouse/Sat/15:00 | Booked Sat/09:10,YES (4 of 4)
R-102,Clubhouse/Sat/15:00,Pool/Sun/15:00 | Nudge Sun/08:59,Clubhouse/Sun/15:00 | Booked Sun/08:27,NO (3 of 4)
R-102,Clubhouse/Sun/15:00,Pool/Sat/15:00 | Nudge Sat/08:57,Pool/Sat/15:00 | Booked Sat/09:08,YES (4 of 4)
R-102,Pool/Sat/15:00,Pool/Sun/15:00 | Nudge Sun/08:59,Pool/Sun/15:00 | Booked Sun/09:01,YES (4 of 4)
R-102,Pool/Sun/15:00,Clubhouse/Sat/15:00 | Nudge Sat/08:57,Pool/Sat/15:00 | Booked Sat/08:43,NO (3 of 4)
R-102,Pool/Sat/15:00,Pool/Sun/15:00 | Nudge Sat/08:59,Pool/Sat/15:00 | Booked Sat/08:47,NO (3 of 4)
R-102,Pool/Sat/15:00,Pool/Sun/15:00 | Nudge Sun/08:59,Pool/Sun/15:00 | Booked Sun/09:55,YES (4 of 4)
R-102,Pool/Sun/15:00,Clubhouse/Sat/15:00 | Nudge Sat/08:57,Clubhouse/Sat/16:00 | Booked Sat/10:17,NO (3 of 4)
R-102,Clubhouse/Sat/16:00,Pool/Sun/15:00 | Nudge Sun/09:00,Pool/Sun/15:00 | Booked Sun/10:12,YES (4 of 4)
R-102,Pool/Sun/15:00,Pool/Sat/15:00 | Nudge Sun/08:57,Pool/Sun/15:00 | Booked Sun/10:05,NO (3 of 4)
R-102,Pool/Sun/15:00,Clubhouse/Sat/15:00 | Nudge Sat/08:57,Pool/Sat/15:00 | Booked Sat/08:22,NO (3 of 4)
R-102,Pool/Sat/15:00,Pool/Sun/15:00 | Nudge Sun/08:59,Pool/Sun/15:00 | Booked Sun/07:46,YES (4 of 4)
R-102,Pool/Sun/15:00,Pool/Sat/15:00 | Nudge Sat/08:57,Clubhouse/Sat/15:00 | Booked Sat/08:56,NO (3 of 4)
R-102,Clubhouse/Sat/15:00,Pool/Sun/15:00 | Nudge Sun/08:59,Pool/Sun/15:00 | Booked Sun/10:05,YES (4 of 4)
R-103,Pool/Sat/15:00,Clubhouse/Sat/16:00 | Nudge Sun/09:28,Pool/Sun/16:00 | Booked Sun/09:12,NO (2 of 4)
R-103,Pool/Sun/16:00,Pool/Sat/15:00 | Nudge Sun/08:44,Pool/Sun/15:00 | Booked Sun/07:51,NO (3 of 4)
R-103,Pool/Sun/15:00,Pool/Sat/15:00 | Nudge Sat/07:52,Pool/Sat/15:00 | Booked Sat/09:07,YES (4 of 4)
R-103,Pool/Sat/15:00,Pool/Sun/15:00 | Nudge Sun/08:45,Pool/Sun/15:00 | Booked Sun/10:28,YES (4 of 4)
R-103,Pool/Sun/15:00,Pool/Sat/15:00 | Nudge Sat/09:00,Pool/Sat/15:00 | Booked Sat/09:13,YES (4 of 4)
R-103,Pool/Sat/15:00,Pool/Sun/15:00 | Nudge Sun/09:01,Pool/Sun/15:00 | Booked Sun/07:44,YES (4 of 4)
R-103,Pool/Sun/15:00,Pool/Sat/15:00 | Nudge Sat/09:00,Pool/Sat/15:00 | Booked Sat/08:23,YES (4 of 4)
R-103,Pool/Sat/15:00,Pool/Sun/15:00 | Nudge Sun/09:01,Pool/Sun/15:00 | Booked Sun/08:54,YES (4 of 4)
R-103,Pool/Sun/15:00,Pool/Sat/15:00 | Nudge Sat/09:00,Clubhouse/Sat/15:00 | Booked Sat/09:03,NO (3 of 4)
R-103,Clubhouse/Sat/15:00,Pool/Sun/15:00 | Nudge Sun/08:58,Pool/Sun/15:00 | Booked Sun/09:21,YES (4 of 4)
R-103,Pool/Sun/15:00,Pool/Sat/15:00 | Nudge Sat/08:57,Pool/Sat/16:00 | Booked Sat/10:01,NO (3 of 4)
R-103,Pool/Sat/16:00,Pool/Sun/15:00 | Nudge Sun/09:00,Pool/Sun/15:00 | Booked Sun/08:53,YES (4 of 4)
R-103,Pool/Sun/15:00,Pool/Sat/15:00 | Nudge Sat/08:57,Pool/Sat/15:00 | Booked Sat/09:27,YES (4 of 4)
R-103,Pool/Sat/15:00,Pool/Sun/15:00 | Nudge Sun/08:58,Pool/Sun/16:00 | Booked Sun/12:03,NO (3 of 4)
R-103,Pool/Sun/16:00,Pool/Sat/15:00 | Nudge Sat/08:59,Pool/Sat/15:00 | Booked Sat/08:23,YES (4 of 4)
R-103,Pool/Sat/15:00,Pool/Sun/16:00 | Nudge Sun/09:58,Pool/Sun/16:00 | Booked Sun/09:23,YES (4 of 4)
R-103,Pool/Sun/16:00,Pool/Sat/15:00 | Nudge Sat/08:59,Pool/Sat/15:00 | Booked Sat/07:17,YES (4 of 4)
R-103,Pool/Sat/15:00,Pool/Sun/15:00 | Nudge Sat/08:58,Pool/Sat/15:00 | Booked Sat/10:43,NO (3 of 4)
R-103,Pool/Sat/15:00,Pool/Sun/15:00 | Nudge Sun/08:58,Pool/Sun/15:00 | Booked Sun/09:26,YES (4 of 4)
R-103,Pool/Sun/15:00,Clubhouse/Sat/15:00 | Nudge Sat/08:50,Pool/Sat/15:00 | Booked Sat/08:11,NO (3 of 4)
R-103,Pool/Sat/15:00,Pool/Sun/15:00 | Nudge Sun/08:51,Clubhouse/Sun/15:00 | Booked Sun/08:17,NO (3 of 4)
R-103,Clubhouse/Sun/15:00,Pool/Sat/15:00 | Nudge Sat/08:57,Pool/Sat/16:00 | Booked Sat/11:00,NO (3 of 4)
R-103,Pool/Sat/16:00,Pool/Sun/15:00 | Nudge Sun/09:00,Pool/Sun/15:00 | Booked Sun/07:58,YES (4 of 4)
R-103,Pool/Sun/15:00,Pool/Sat/15:00 | Nudge Sat/08:57,Pool/Sat/16:00 | Booked Sat/09:13,NO (3 of 4)
R-103,Pool/Sat/16:00,Pool/Sun/15:00 | Nudge Sun/09:00,Pool/Sun/15:00 | Booked Sun/08:57,YES (4 of 4)
R-103,Pool/Sun/15:00,Pool/Sat/15:00 | Nudge Sat/08:57,Pool/Sat/15:00 | Booked Sat/08:00,YES (4 of 4)
R-103,Pool/Sat/15:00,Pool/Sun/15:00 | Nudge Sat/08:58,Pool/Sat/15:00 | Booked Sat/07:55,NO (3 of 4)
R-103,Pool/Sat/15:00,Clubhouse/Sun/15:00 | Nudge Sun/08:58,Pool/Sun/16:00 | Booked Sun/10:30,NO (2 of 4)
R-104,Clubhouse/Sat/14:00,Clubhouse/Sun/15:00 | Nudge Sun/04:08,Gym/Sun/19:00 | Booked Sun/09:13,NO (2 of 4)
R-104,Gym/Sun/19:00,Pool/Sat/15:00 | Nudge Fri/03:01,Clubhouse/Fri/12:00 | Booked Fri/00:33,NO (1 of 4)
R-104,Clubhouse/Fri/12:00,Pool/Sat/15:00 | Nudge Sun/03:18,Pool/Sun/14:00 | Booked Sun/02:19,NO (2 of 4)
R-104,Pool/Sun/14:00,Pool/Sat/15:00 | Nudge Sun/03:22,Badminton/Sun/17:00 | Booked Sat/22:16,NO (0 of 4)
R-104,Badminton/Sun/17:00,Badminton/Sat/08:00 | Nudge Mon/19:55,Badminton/Tue/11:00 | Booked Mon/15:01,NO (1 of 4)
R-104,Badminton/Tue/11:00,Pool/Sat/08:00 | Nudge Wed/20:16,Gym/Thu/13:00 | Booked Thu/03:37,NO (1 of 4)
R-104,Gym/Thu/13:00,Tennis/Fri/08:00 | Nudge Sat/19:28,Tennis/Sun/11:00 | Booked Sat/17:24,NO (1 of 4)
R-104,Tennis/Sun/11:00,Pool/Fri/17:00 | Nudge Tue/04:22,Badminton/Tue/17:00 | Booked Tue/01:06,NO (1 of 4)
R-104,Badminton/Tue/17:00,Tennis/Sat/08:00 | Nudge Sun/20:54,Gym/Mon/12:00 | Booked Sun/21:43,NO (0 of 4)
R-104,Gym/Mon/12:00,Badminton/Sat/10:00 | Nudge Mon/22:59,Tennis/Tue/13:00 | Booked Tue/04:55,NO (1 of 4)
R-104,Tennis/Tue/13:00,Pool/Sat/11:00 | Nudge Sat/23:46,Badminton/Sun/10:00 | Booked Sat/21:43,NO (1 of 4)
R-104,Badminton/Sun/10:00,Pool/Mon/08:00 | Nudge Sat/20:16,Badminton/Sun/18:00 | Booked Sun/06:47,NO (1 of 4)
R-104,Badminton/Sun/18:00,Tennis/Sat/08:00 | Nudge Fri/20:07,Pool/Sat/12:00 | Booked Fri/19:03,NO (1 of 4)
R-104,Pool/Sat/12:00,Tennis/Tue/13:00 | Nudge Sun/01:41,Pool/Sun/10:00 | Booked Sat/18:50,NO (0 of 4)
R-104,Pool/Sun/10:00,Tennis/Sun/15:00 | Nudge Mon/03:08,Clubhouse/Mon/16:00 | Booked Mon/02:52,NO (1 of 4)
R-105,Pool/Sat/15:00,Pool/Sun/15:00 | Nudge Sun/08:36,Pool/Sun/15:00 | Booked Sun/09:11,YES (4 of 4)
R-105,Pool/Sun/15:00,Pool/Sat/15:00 | Nudge Sat/09:01,Pool/Sat/16:00 | Booked Sat/11:25,NO (3 of 4)
R-105,Pool/Sat/16:00,Pool/Sun/15:00 | Nudge Sun/09:08,Pool/Sun/15:00 | Booked Sun/09:22,YES (4 of 4)
R-105,Pool/Sun/15:00,Pool/Sat/15:00 | Nudge Sun/09:01,Pool/Sun/15:00 | Booked Sun/08:15,NO (3 of 4)
R-105,Pool/Sun/15:00,Pool/Sat/15:00 | Nudge Sat/09:01,Pool/Sat/15:00 | Booked Sat/08:03,YES (4 of 4)
R-105,Pool/Sat/15:00,Pool/Sun/15:00 | Nudge Sun/09:08,Pool/Sun/15:00 | Booked Sun/08:29,YES (4 of 4)
R-105,Pool/Sun/15:00,Pool/Sat/15:00 | Nudge Sat/09:00,Clubhouse/Sat/15:00 | Booked Sat/06:57,NO (3 of 4)
R-105,Clubhouse/Sat/15:00,Pool/Sun/15:00 | Nudge Sun/08:58,Pool/Sun/15:00 | Booked Sun/09:30,YES (4 of 4)
R-105,Pool/Sun/15:00,Pool/Sat/15:00 | Nudge Sat/08:57,Clubhouse/Sat/15:00 | Booked Sat/09:51,NO (3 of 4)
R-105,Clubhouse/Sat/15:00,Pool/Sun/15:00 | Nudge Sun/08:59,Pool/Sun/15:00 | Booked Sun/08:22,YES (4 of 4)
R-105,Pool/Sun/15:00,Pool/Sat/15:00 | Nudge Sat/08:58,Pool/Sat/15:00 | Booked Sat/08:40,YES (4 of 4)
R-105,Pool/Sat/15:00,Pool/Sun/15:00 | Nudge Sun/08:59,Pool/Sun/15:00 | Booked Sun/08:07,YES (4 of 4)
R-105,Pool/Sun/15:00,Pool/Sat/16:00 | Nudge Sat/09:57,Pool/Sat/15:00 | Booked Sat/08:25,NO (3 of 4)
R-105,Pool/Sat/15:00,Pool/Sun/15:00 | Nudge Sun/08:58,Pool/Sun/16:00 | Booked Sun/11:29,NO (3 of 4)
R-105,Pool/Sun/16:00,Clubhouse/Sat/16:00 | Nudge Sat/09:59,Pool/Sat/15:00 | Booked Sat/08:26,NO (2 of 4)
R-105,Pool/Sat/15:00,Pool/Sun/16:00 | Nudge Sun/09:58,Pool/Sun/15:00 | Booked Sun/09:14,NO (3 of 4)
R-105,Pool/Sun/15:00,Pool/Sat/15:00 | Nudge Sat/08:57,Pool/Sat/15:00 | Booked Sat/09:03,YES (4 of 4)
R-105,Pool/Sat/15:00,Pool/Sun/15:00 | Nudge Sat/08:58,Pool/Sat/15:00 | Booked Sat/08:27,NO (3 of 4)
R-105,Pool/Sat/15:00,Pool/Sun/15:00 | Nudge Sun/08:58,Pool/Sun/15:00 | Booked Sun/07:36,YES (4 of 4)
R-105,Pool/Sun/15:00,Pool/Sat/15:00 | Nudge Sat/08:57,Clubhouse/Sat/15:00 | Booked Sat/08:49,NO (3 of 4)
R-105,Clubhouse/Sat/15:00,Pool/Sun/15:00 | Nudge Sun/08:58,Pool/Sun/15:00 | Booked Sun/08:11,YES (4 of 4)
R-105,Pool/Sun/15:00,Pool/Sat/15:00 | Nudge Sat/08:57,Pool/Sat/15:00 | Booked Sat/09:16,YES (4 of 4)
R-105,Pool/Sat/15:00,Pool/Sun/15:00 | Nudge Sun/08:58,Pool/Sun/15:00 | Booked Sun/09:15,YES (4 of 4)
R-105,Pool/Sun/15:00,Pool/Sat/15:00 | Nudge Sat/08:57,Clubhouse/Sat/16:00 | Booked Sat/09:30,NO (2 of 4)
R-105,Clubhouse/Sat/16:00,Pool/Sun/15:00 | Nudge Sun/09:00,Clubhouse/Sun/15:00 | Booked Sun/08:07,NO (3 of 4)
R-105,Clubhouse/Sun/15:00,Pool/Sat/15:00 | Nudge Sat/08:58,Pool/Sat/15:00 | Booked Sat/08:43,YES (4 of 4)
R-105,Pool/Sat/15:00,Pool/Sun/15:00 | Nudge Sun/08:59,Clubhouse/Sun/15:00 | Booked Sun/08:57,NO (3 of 4)
R-105,Clubhouse/Sun/15:00,Pool/Sat/15:00 | Nudge Sun/08:58,Pool/Sun/15:00 | Booked Sun/08:00,NO (3 of 4)
R-106,Clubhouse/Mon/11:00,Clubhouse/Sat/09:00 | Nudge Wed/20:36,Clubhouse/Thu/14:00 | Booked Wed/21:59,NO (1 of 4)
R-106,Clubhouse/Thu/14:00,Tennis/Sat/15:00 | Nudge Sat/03:39,Badminton/Sat/09:00 | Booked Fri/19:57,NO (2 of 4)
R-106,Badminton/Sat/09:00,Tennis/Mon/09:00 | Nudge Tue/21:24,Tennis/Wed/16:00 | Booked Wed/05:38,NO (2 of 4)
R-106,Tennis/Wed/16:00,Gym/Sun/10:00 | Nudge Tue/21:16,Clubhouse/Wed/15:00 | Booked Tue/19:21,NO (0 of 4)
R-106,Clubhouse/Wed/15:00,Badminton/Thu/17:00 | Nudge Sat/06:14,Gym/Sat/12:00 | Booked Sat/00:45,NO (1 of 4)
R-106,Gym/Sat/12:00,Badminton/Wed/17:00 | Nudge Sun/05:53,Badminton/Sun/09:00 | Booked Sat/22:18,NO (2 of 4)
R-106,Badminton/Sun/09:00,Pool/Mon/08:00 | Nudge Fri/19:23,Clubhouse/Sat/15:00 | Booked Sat/01:24,NO (1 of 4)
R-106,Clubhouse/Sat/15:00,Badminton/Mon/17:00 | Nudge Mon/05:13,Tennis/Mon/19:00 | Booked Mon/08:13,NO (2 of 4)
R-106,Tennis/Mon/19:00,Gym/Thu/17:00 | Nudge Fri/05:59,Clubhouse/Fri/12:00 | Booked Fri/05:29,NO (0 of 4)
R-106,Clubhouse/Fri/12:00,Badminton/Sun/17:00 | Nudge Wed/05:59,Tennis/Wed/17:00 | Booked Wed/03:20,NO (2 of 4)
R-106,Tennis/Wed/17:00,Badminton/Sun/09:00 | Nudge Thu/21:30,Tennis/Fri/13:00 | Booked Fri/01:39,NO (1 of 4)
R-107,Badminton/Thu/19:00,Tennis/Sat/19:00 | Nudge Fri/18:59,Badminton/Sat/19:00 | Booked Fri/20:04,NO (3 of 4)
R-107,Badminton/Sat/19:00,Tennis/Thu/19:00 | Nudge Mon/20:15,Badminton/Tue/19:00 | Booked Mon/18:43,NO (2 of 4)
R-107,Badminton/Tue/19:00,Tennis/Thu/19:00 | Nudge Wed/20:15,Badminton/Thu/19:00 | Booked Wed/17:36,NO (3 of 4)
R-107,Badminton/Thu/19:00,Tennis/Sat/19:00 | Nudge Fri/20:15,Tennis/Sat/19:00 | Booked Fri/19:04,YES (4 of 4)
R-107,Tennis/Sat/19:00,Tennis/Tue/19:00 | Nudge Mon/20:06,Tennis/Tue/20:00 | Booked Mon/22:32,NO (3 of 4)
R-107,Tennis/Tue/20:00,Badminton/Thu/19:00 | Nudge Wed/19:13,Tennis/Thu/19:00 | Booked Wed/21:49,NO (3 of 4)
R-107,Tennis/Thu/19:00,Tennis/Sat/19:00 | Nudge Fri/18:49,Tennis/Sat/19:00 | Booked Fri/17:41,YES (4 of 4)
R-107,Tennis/Sat/19:00,Badminton/Tue/19:00 | Nudge Mon/18:56,Badminton/Tue/19:00 | Booked Mon/16:36,YES (4 of 4)
R-107,Badminton/Tue/19:00,Tennis/Thu/19:00 | Nudge Wed/18:54,Badminton/Thu/19:00 | Booked Wed/19:27,NO (3 of 4)
R-107,Badminton/Thu/19:00,Badminton/Sat/19:00 | Nudge Fri/18:17,Tennis/Sat/19:00 | Booked Fri/18:09,NO (3 of 4)
R-107,Tennis/Sat/19:00,Badminton/Tue/19:00 | Nudge Mon/18:42,Badminton/Tue/19:00 | Booked Mon/18:26,YES (4 of 4)
R-107,Badminton/Tue/19:00,Tennis/Thu/19:00 | Nudge Wed/19:02,Tennis/Thu/19:00 | Booked Wed/19:12,YES (4 of 4)
R-107,Tennis/Thu/19:00,Badminton/Sat/19:00 | Nudge Fri/18:34,Tennis/Sat/19:00 | Booked Fri/15:31,NO (2 of 4)
R-107,Tennis/Sat/19:00,Badminton/Tue/19:00 | Nudge Mon/19:12,Badminton/Tue/19:00 | Booked Mon/20:16,YES (4 of 4)
R-107,Badminton/Tue/19:00,Tennis/Thu/19:00 | Nudge Wed/18:59,Badminton/Thu/19:00 | Booked Wed/21:26,NO (3 of 4)
R-107,Badminton/Thu/19:00,Badminton/Sat/19:00 | Nudge Fri/18:18,Badminton/Sat/20:00 | Booked Fri/21:49,NO (3 of 4)
R-107,Badminton/Sat/20:00,Tennis/Tue/19:00 | Nudge Mon/18:40,Badminton/Tue/19:00 | Booked Mon/16:46,NO (3 of 4)
R-107,Badminton/Tue/19:00,Tennis/Thu/19:00 | Nudge Wed/18:46,Badminton/Thu/19:00 | Booked Wed/15:36,NO (2 of 4)
R-107,Badminton/Thu/19:00,Badminton/Sat/19:00 | Nudge Fri/18:18,Tennis/Sat/19:00 | Booked Fri/20:32,NO (3 of 4)
R-107,Tennis/Sat/19:00,Tennis/Tue/19:00 | Nudge Mon/18:34,Tennis/Tue/20:00 | Booked Mon/19:22,NO (3 of 4)
R-107,Tennis/Tue/20:00,Tennis/Thu/19:00 | Nudge Wed/18:58,Tennis/Thu/19:00 | Booked Wed/18:21,YES (4 of 4)
R-107,Tennis/Thu/19:00,Badminton/Sat/19:00 | Nudge Fri/18:35,Tennis/Sat/19:00 | Booked Fri/18:25,NO (3 of 4)
R-107,Tennis/Sat/19:00,Badminton/Tue/19:00 | Nudge Mon/18:51,Badminton/Tue/20:00 | Booked Mon/20:09,NO (3 of 4)
R-107,Badminton/Tue/20:00,Tennis/Thu/19:00 | Nudge Wed/19:10,Tennis/Thu/19:00 | Booked Wed/18:30,YES (4 of 4)
R-107,Tennis/Thu/19:00,Badminton/Sat/19:00 | Nudge Fri/18:23,Tennis/Sat/19:00 | Booked Fri/21:59,NO (2 of 4)
R-107,Tennis/Sat/19:00,Badminton/Tue/19:00 | Nudge Mon/19:00,Badminton/Tue/19:00 | Booked Mon/16:35,YES (4 of 4)
R-107,Badminton/Tue/19:00,Tennis/Thu/19:00 | Nudge Wed/18:59,Tennis/Thu/19:00 | Booked Wed/20:51,YES (4 of 4)
R-107,Tennis/Thu/19:00,Badminton/Sat/19:00 | Nudge Fri/18:31,Tennis/Sat/19:00 | Booked Fri/16:34,NO (3 of 4)
R-107,Tennis/Sat/19:00,Badminton/Tue/19:00 | Nudge Mon/19:00,Tennis/Tue/19:00 | Booked Mon/20:15,NO (3 of 4)
R-107,Tennis/Tue/19:00,Tennis/Thu/19:00 | Nudge Wed/19:11,Tennis/Thu/19:00 | Booked Wed/18:24,YES (4 of 4)
R-107,Tennis/Thu/19:00,Tennis/Sat/19:00 | Nudge Fri/18:48,Tennis/Sat/20:00 | Booked Fri/18:02,NO (3 of 4)
R-107,Tennis/Sat/20:00,Tennis/Tue/19:00 | Nudge Mon/19:04,Badminton/Tue/19:00 | Booked Mon/19:14,NO (3 of 4)
R-107,Badminton/Tue/19:00,Tennis/Thu/19:00 | Nudge Fri/19:13,Tennis/Sat/19:00 | Booked Fri/18:15,NO (3 of 4)
R-107,Tennis/Sat/19:00,Tennis/Tue/19:00 | Nudge Wed/18:52,Badminton/Thu/19:00 | Booked Wed/20:21,NO (2 of 4)
R-107,Badminton/Thu/19:00,Tennis/Sat/19:00 | Nudge Fri/18:48,Badminton/Sat/20:00 | Booked Fri/18:36,NO (2 of 4)
R-107,Badminton/Sat/20:00,Tennis/Tue/19:00 | Nudge Mon/18:59,Badminton/Tue/19:00 | Booked Mon/16:31,NO (3 of 4)
R-107,Badminton/Tue/19:00,Badminton/Thu/19:00 | Nudge Wed/19:07,Badminton/Thu/19:00 | Booked Wed/20:38,YES (4 of 4)
R-107,Badminton/Thu/19:00,Tennis/Sat/19:00 | Nudge Fri/18:49,Badminton/Sat/19:00 | Booked Fri/18:32,NO (3 of 4)
R-107,Badminton/Sat/19:00,Badminton/Tue/19:00 | Nudge Mon/19:24,Tennis/Tue/20:00 | Booked Mon/17:11,NO (1 of 4)
R-107,Tennis/Tue/20:00,Tennis/Thu/19:00 | Nudge Wed/19:08,Tennis/Thu/19:00 | Booked Wed/22:36,NO (3 of 4)
R-107,Tennis/Thu/19:00,Badminton/Sat/19:00 | Nudge Fri/19:01,Tennis/Sat/19:00 | Booked Fri/17:14,NO (3 of 4)
R-107,Tennis/Sat/19:00,Badminton/Tue/19:00 | Nudge Mon/19:26,Badminton/Tue/19:00 | Booked Mon/19:45,YES (4 of 4)
R-107,Badminton/Tue/19:00,Badminton/Thu/19:00 | Nudge Fri/19:22,Badminton/Sat/19:00 | Booked Fri/16:37,NO (3 of 4)
R-107,Badminton/Sat/19:00,Badminton/Tue/19:00 | Nudge Mon/19:07,Tennis/Tue/19:00 | Booked Mon/18:12,NO (3 of 4)
R-107,Tennis/Tue/19:00,Badminton/Thu/19:00 | Nudge Wed/19:15,Badminton/Thu/19:00 | Booked Wed/18:13,YES (4 of 4)
R-107,Badminton/Thu/19:00,Badminton/Sat/19:00 | Nudge Fri/19:19,Tennis/Sat/19:00 | Booked Fri/20:49,NO (3 of 4)
R-107,Tennis/Sat/19:00,Badminton/Tue/19:00 | Nudge Wed/19:24,Tennis/Thu/19:00 | Booked Wed/21:31,NO (2 of 4)
R-108,Gym/Fri/07:00,Gym/Mon/07:00 | Nudge Wed/03:52,Gym/Wed/07:00 | Booked Wed/04:02,NO (3 of 4)
R-108,Gym/Wed/07:00,Gym/Fri/07:00 | Nudge Fri/03:55,Gym/Fri/07:00 | Booked Fri/03:53,YES (4 of 4)
R-108,Gym/Fri/07:00,Gym/Mon/07:00 | Nudge Mon/03:57,Gym/Mon/07:00 | Booked Mon/04:25,YES (4 of 4)
R-108,Gym/Mon/07:00,Gym/Wed/07:00 | Nudge Wed/04:01,Gym/Wed/07:00 | Booked Wed/04:49,YES (4 of 4)
R-108,Gym/Wed/07:00,Gym/Fri/07:00 | Nudge Fri/03:58,Gym/Fri/18:00 | Booked Fri/14:00,NO (3 of 4)
R-108,Gym/Fri/18:00,Gym/Mon/07:00 | Nudge Mon/04:01,Gym/Mon/07:00 | Booked Mon/04:24,YES (4 of 4)
R-108,Gym/Mon/07:00,Gym/Wed/07:00 | Nudge Fri/04:01,Pool/Fri/07:00 | Booked Fri/03:37,NO (2 of 4)
R-108,Pool/Fri/07:00,Gym/Mon/07:00 | Nudge Mon/04:01,Gym/Mon/07:00 | Booked Mon/04:21,YES (4 of 4)
R-108,Gym/Mon/07:00,Gym/Wed/07:00 | Nudge Wed/04:01,Gym/Wed/07:00 | Booked Wed/04:27,YES (4 of 4)
R-108,Gym/Wed/07:00,Gym/Fri/07:00 | Nudge Fri/03:58,Gym/Fri/07:00 | Booked Fri/03:36,YES (4 of 4)
R-108,Gym/Fri/07:00,Gym/Mon/07:00 | Nudge Mon/04:01,Gym/Mon/07:00 | Booked Mon/03:37,YES (4 of 4)
R-108,Gym/Mon/07:00,Gym/Wed/07:00 | Nudge Wed/04:01,Gym/Wed/07:00 | Booked Wed/04:11,YES (4 of 4)
R-108,Gym/Wed/07:00,Gym/Fri/07:00 | Nudge Fri/03:58,Gym/Fri/18:00 | Booked Fri/14:29,NO (3 of 4)
R-108,Gym/Fri/18:00,Gym/Mon/07:00 | Nudge Mon/04:01,Gym/Mon/07:00 | Booked Mon/04:10,YES (4 of 4)
R-108,Gym/Mon/07:00,Gym/Wed/07:00 | Nudge Mon/03:58,Gym/Mon/07:00 | Booked Mon/03:01,NO (3 of 4)
R-108,Gym/Mon/07:00,Gym/Wed/07:00 | Nudge Wed/03:58,Gym/Wed/07:00 | Booked Wed/04:32,YES (4 of 4)
R-108,Gym/Wed/07:00,Gym/Fri/07:00 | Nudge Fri/03:58,Gym/Fri/07:00 | Booked Fri/03:47,YES (4 of 4)
R-108,Gym/Fri/07:00,Gym/Mon/07:00 | Nudge Mon/03:58,Gym/Mon/07:00 | Booked Mon/04:29,YES (4 of 4)
R-108,Gym/Mon/07:00,Gym/Wed/07:00 | Nudge Wed/03:58,Gym/Wed/07:00 | Booked Wed/03:41,YES (4 of 4)
R-108,Gym/Wed/07:00,Gym/Fri/07:00 | Nudge Fri/03:58,Gym/Fri/07:00 | Booked Fri/04:06,YES (4 of 4)
R-108,Gym/Fri/07:00,Gym/Mon/07:00 | Nudge Mon/03:58,Gym/Mon/07:00 | Booked Mon/04:28,YES (4 of 4)
R-108,Gym/Mon/07:00,Gym/Wed/07:00 | Nudge Wed/03:58,Gym/Wed/07:00 | Booked Wed/03:39,YES (4 of 4)
R-108,Gym/Wed/07:00,Gym/Fri/07:00 | Nudge Fri/03:58,Gym/Fri/07:00 | Booked Fri/04:32,YES (4 of 4)
R-108,Gym/Fri/07:00,Gym/Mon/07:00 | Nudge Mon/03:58,Gym/Mon/07:00 | Booked Mon/04:04,YES (4 of 4)
R-108,Gym/Mon/07:00,Gym/Fri/07:00 | Nudge Wed/03:58,Gym/Wed/18:00 | Booked Wed/15:50,NO (2 of 4)
R-108,Gym/Wed/18:00,Gym/Fri/07:00 | Nudge Fri/03:58,Gym/Fri/07:00 | Booked Fri/04:18,YES (4 of 4)
R-108,Gym/Fri/07:00,Gym/Mon/07:00 | Nudge Mon/03:58,Gym/Mon/07:00 | Booked Mon/03:57,YES (4 of 4)
R-108,Gym/Mon/07:00,Gym/Wed/07:00 | Nudge Fri/03:58,Gym/Fri/07:00 | Booked Fri/04:02,NO (3 of 4)
R-108,Gym/Fri/07:00,Gym/Mon/07:00 | Nudge Wed/03:58,Pool/Wed/07:00 | Booked Wed/04:11,NO (2 of 4)
R-108,Pool/Wed/07:00,Gym/Fri/07:00 | Nudge Fri/03:58,Gym/Fri/07:00 | Booked Fri/04:05,YES (4 of 4)
R-108,Gym/Fri/07:00,Gym/Mon/07:00 | Nudge Mon/03:58,Gym/Mon/18:00 | Booked Mon/15:35,NO (3 of 4)
R-108,Gym/Mon/18:00,Gym/Wed/07:00 | Nudge Wed/03:58,Gym/Wed/07:00 | Booked Wed/04:17,YES (4 of 4)
R-108,Gym/Wed/07:00,Gym/Fri/07:00 | Nudge Fri/03:58,Gym/Fri/07:00 | Booked Fri/03:41,YES (4 of 4)
R-108,Gym/Fri/07:00,Gym/Mon/07:00 | Nudge Mon/03:58,Gym/Mon/07:00 | Booked Mon/04:12,YES (4 of 4)
R-108,Gym/Mon/07:00,Gym/Wed/07:00 | Nudge Wed/03:58,Gym/Wed/07:00 | Booked Wed/03:32,YES (4 of 4)
R-108,Gym/Wed/07:00,Gym/Fri/07:00 | Nudge Fri/03:58,Gym/Fri/07:00 | Booked Fri/04:10,YES (4 of 4)
R-108,Gym/Fri/07:00,Gym/Mon/07:00 | Nudge Mon/03:58,Gym/Mon/07:00 | Booked Mon/03:01,YES (4 of 4)
R-108,Gym/Mon/07:00,Gym/Wed/07:00 | Nudge Fri/03:58,Gym/Fri/07:00 | Booked Fri/03:56,NO (3 of 4)
R-108,Gym/Fri/07:00,Gym/Mon/07:00 | Nudge Mon/03:58,Gym/Mon/07:00 | Booked Mon/04:10,YES (4 of 4)
R-108,Gym/Mon/07:00,Gym/Wed/07:00 | Nudge Fri/03:58,Gym/Fri/07:00 | Booked Fri/03:50,NO (3 of 4)
R-108,Gym/Fri/07:00,Gym/Mon/07:00 | Nudge Wed/03:58,Gym/Wed/07:00 | Booked Wed/03:45,NO (3 of 4)
R-109,Gym/Fri/15:00,Gym/Sat/14:00 | Nudge Wed/02:44,Gym/Wed/18:00 | Booked Wed/06:54,NO (2 of 4)
R-109,Gym/Wed/18:00,Gym/Fri/07:00 | Nudge Sat/19:53,Clubhouse/Sun/13:00 | Booked Sun/01:15,NO (1 of 4)
R-109,Clubhouse/Sun/13:00,Gym/Wed/07:00 | Nudge Sun/17:48,Tennis/Mon/09:00 | Booked Sun/19:52,NO (1 of 4)
R-109,Tennis/Mon/09:00,Pool/Wed/17:00 | Nudge Mon/05:34,Clubhouse/Mon/08:00 | Booked Mon/01:35,NO (0 of 4)
R-109,Clubhouse/Mon/08:00,Pool/Wed/18:00 | Nudge Sun/06:56,Badminton/Sun/13:00 | Booked Sun/01:24,NO (1 of 4)
R-109,Badminton/Sun/13:00,Pool/Mon/17:00 | Nudge Mon/06:40,Tennis/Mon/10:00 | Booked Sun/20:35,NO (1 of 4)
R-109,Tennis/Mon/10:00,Clubhouse/Wed/17:00 | Nudge Sat/05:15,Badminton/Sat/17:00 | Booked Fri/23:25,NO (1 of 4)
R-109,Badminton/Sat/17:00,Badminton/Sun/09:00 | Nudge Mon/21:19,Pool/Tue/16:00 | Booked Tue/02:43,NO (1 of 4)
R-109,Pool/Tue/16:00,Badminton/Sun/14:00 | Nudge Sat/03:29,Clubhouse/Sat/13:00 | Booked Sat/02:59,NO (1 of 4)
R-109,Clubhouse/Sat/13:00,Tennis/Sun/17:00 | Nudge Tue/06:01,Pool/Tue/19:00 | Booked Tue/10:23,NO (1 of 4)
R-109,Pool/Tue/19:00,Tennis/Sun/14:00 | Nudge Fri/03:03,Tennis/Fri/12:00 | Booked Thu/21:32,NO (1 of 4)
R-109,Tennis/Fri/12:00,Tennis/Sun/17:00 | Nudge Sat/05:51,Pool/Sat/08:00 | Booked Fri/18:08,NO (1 of 4)
R-109,Pool/Sat/08:00,Tennis/Wed/14:00 | Nudge Fri/02:43,Badminton/Fri/11:00 | Booked Fri/00:16,NO (1 of 4)
R-109,Badminton/Fri/11:00,Tennis/Tue/10:00 | Nudge Tue/22:16,Pool/Wed/08:00 | Booked Tue/16:37,NO (0 of 4)
R-110,Pool/Sat/15:00,Pool/Sun/15:00 | Nudge Sun/08:28,Pool/Sun/15:00 | Booked Sun/09:51,YES (4 of 4)
R-110,Pool/Sun/15:00,Pool/Sat/15:00 | Nudge Sat/09:00,Pool/Sat/15:00 | Booked Sat/09:08,YES (4 of 4)
R-110,Pool/Sat/15:00,Pool/Sun/15:00 | Nudge Sun/09:04,Pool/Sun/15:00 | Booked Sun/08:47,YES (4 of 4)
R-110,Pool/Sun/15:00,Pool/Sat/15:00 | Nudge Sat/09:00,Pool/Sat/15:00 | Booked Sat/08:05,YES (4 of 4)
R-110,Pool/Sat/15:00,Pool/Sun/15:00 | Nudge Sun/09:04,Pool/Sun/15:00 | Booked Sun/09:20,YES (4 of 4)
R-110,Pool/Sun/15:00,Pool/Sat/15:00 | Nudge Sat/09:00,Pool/Sat/15:00 | Booked Sat/09:09,YES (4 of 4)
R-110,Pool/Sat/15:00,Pool/Sun/15:00 | Nudge Sun/09:04,Pool/Sun/16:00 | Booked Sun/09:57,NO (3 of 4)
R-110,Pool/Sun/16:00,Pool/Sat/15:00 | Nudge Sat/09:02,Pool/Sat/15:00 | Booked Sat/08:25,YES (4 of 4)
R-110,Pool/Sat/15:00,Pool/Sun/15:00 | Nudge Sat/09:01,Pool/Sat/16:00 | Booked Sat/10:50,NO (2 of 4)
R-110,Pool/Sat/16:00,Pool/Sun/15:00 | Nudge Sun/09:06,Pool/Sun/15:00 | Booked Sun/09:57,YES (4 of 4)
R-110,Pool/Sun/15:00,Pool/Sat/15:00 | Nudge Sat/09:00,Pool/Sat/15:00 | Booked Sat/10:30,YES (4 of 4)
R-110,Pool/Sat/15:00,Clubhouse/Sun/15:00 | Nudge Sun/09:08,Pool/Sun/15:00 | Booked Sun/07:44,NO (3 of 4)
R-110,Pool/Sun/15:00,Pool/Sat/15:00 | Nudge Sun/09:07,Pool/Sun/16:00 | Booked Sun/10:54,NO (2 of 4)
R-110,Pool/Sun/16:00,Pool/Sat/15:00 | Nudge Sun/09:02,Pool/Sun/15:00 | Booked Sun/08:59,NO (3 of 4)
R-110,Pool/Sun/15:00,Pool/Sat/15:00 | Nudge Sat/09:01,Pool/Sat/15:00 | Booked Sat/08:44,YES (4 of 4)
R-110,Pool/Sat/15:00,Clubhouse/Sun/15:00 | Nudge Sun/09:08,Pool/Sun/16:00 | Booked Sun/09:30,NO (2 of 4)
R-110,Pool/Sun/16:00,Pool/Sat/15:00 | Nudge Sat/09:09,Pool/Sat/16:00 | Booked Sat/08:19,NO (3 of 4)
R-110,Pool/Sat/16:00,Pool/Sun/15:00 | Nudge Sun/09:03,Pool/Sun/15:00 | Booked Sun/11:10,YES (4 of 4)
R-110,Pool/Sun/15:00,Clubhouse/Sat/15:00 | Nudge Sat/09:07,Pool/Sat/15:00 | Booked Sat/10:00,NO (3 of 4)
R-110,Pool/Sat/15:00,Clubhouse/Sun/15:00 | Nudge Sun/09:02,Pool/Sun/16:00 | Booked Sun/10:19,NO (2 of 4)
R-110,Pool/Sun/16:00,Pool/Sat/15:00 | Nudge Sat/09:02,Pool/Sat/15:00 | Booked Sat/09:37,YES (4 of 4)
R-110,Pool/Sat/15:00,Clubhouse/Sun/15:00 | Nudge Sun/09:02,Clubhouse/Sun/15:00 | Booked Sun/09:01,YES (4 of 4)
R-110,Clubhouse/Sun/15:00,Pool/Sat/15:00 | Nudge Sat/08:50,Pool/Sat/15:00 | Booked Sat/09:01,YES (4 of 4)
R-110,Pool/Sat/15:00,Pool/Sun/15:00 | Nudge Sun/08:52,Pool/Sun/15:00 | Booked Sun/08:48,YES (4 of 4)
R-110,Pool/Sun/15:00,Clubhouse/Sat/15:00 | Nudge Sun/08:50,Pool/Sun/15:00 | Booked Sun/08:09,NO (2 of 4)
R-110,Pool/Sun/15:00,Pool/Sat/15:00 | Nudge Sat/09:05,Pool/Sat/16:00 | Booked Sat/11:08,NO (3 of 4)
R-110,Pool/Sat/16:00,Pool/Sun/15:00 | Nudge Sun/08:53,Pool/Sun/15:00 | Booked Sun/09:25,YES (4 of 4)
R-110,Pool/Sun/15:00,Pool/Sat/15:00 | Nudge Sat/08:59,Clubhouse/Sat/15:00 | Booked Sat/08:07,NO (3 of 4)
R-110,Clubhouse/Sat/15:00,Pool/Sun/15:00 | Nudge Sun/08:59,Pool/Sun/15:00 | Booked Sun/08:57,YES (4 of 4)
R-111,Pool/Fri/07:00,Gym/Mon/07:00 | Nudge Mon/03:42,Gym/Mon/07:00 | Booked Mon/03:47,YES (4 of 4)
R-111,Gym/Mon/07:00,Gym/Wed/07:00 | Nudge Wed/03:46,Pool/Wed/07:00 | Booked Wed/03:21,NO (3 of 4)
R-111,Pool/Wed/07:00,Gym/Fri/07:00 | Nudge Fri/03:44,Gym/Fri/07:00 | Booked Fri/03:52,YES (4 of 4)
R-111,Gym/Fri/07:00,Gym/Mon/07:00 | Nudge Mon/03:48,Gym/Mon/07:00 | Booked Mon/03:00,YES (4 of 4)
R-111,Gym/Mon/07:00,Gym/Wed/07:00 | Nudge Wed/03:44,Gym/Wed/07:00 | Booked Wed/03:56,YES (4 of 4)
R-111,Gym/Wed/07:00,Gym/Fri/07:00 | Nudge Fri/03:44,Gym/Fri/07:00 | Booked Fri/04:06,YES (4 of 4)
R-111,Gym/Fri/07:00,Gym/Mon/07:00 | Nudge Mon/03:57,Gym/Mon/07:00 | Booked Mon/03:58,YES (4 of 4)
R-111,Gym/Mon/07:00,Gym/Wed/07:00 | Nudge Wed/03:54,Gym/Wed/07:00 | Booked Wed/02:56,YES (4 of 4)
R-111,Gym/Wed/07:00,Gym/Fri/07:00 | Nudge Fri/03:55,Gym/Fri/18:00 | Booked Fri/14:22,NO (3 of 4)
R-111,Gym/Fri/18:00,Gym/Mon/07:00 | Nudge Mon/03:55,Gym/Mon/07:00 | Booked Mon/03:44,YES (4 of 4)
R-111,Gym/Mon/07:00,Gym/Wed/07:00 | Nudge Wed/03:56,Gym/Wed/18:00 | Booked Wed/15:27,NO (3 of 4)
R-111,Gym/Wed/18:00,Gym/Fri/07:00 | Nudge Fri/03:56,Gym/Fri/07:00 | Booked Fri/03:03,YES (4 of 4)
R-111,Gym/Fri/07:00,Gym/Mon/07:00 | Nudge Mon/03:56,Gym/Mon/07:00 | Booked Mon/03:51,YES (4 of 4)
R-111,Gym/Mon/07:00,Gym/Wed/07:00 | Nudge Wed/03:58,Pool/Wed/07:00 | Booked Wed/03:28,NO (3 of 4)
R-111,Pool/Wed/07:00,Gym/Fri/07:00 | Nudge Fri/03:55,Pool/Fri/07:00 | Booked Fri/03:39,NO (3 of 4)
R-111,Pool/Fri/07:00,Gym/Mon/07:00 | Nudge Mon/03:54,Gym/Mon/07:00 | Booked Mon/04:15,YES (4 of 4)
R-111,Gym/Mon/07:00,Gym/Wed/07:00 | Nudge Wed/03:54,Gym/Wed/07:00 | Booked Wed/02:25,YES (4 of 4)
R-111,Gym/Wed/07:00,Pool/Fri/07:00 | Nudge Fri/03:55,Gym/Fri/07:00 | Booked Fri/04:55,NO (3 of 4)
R-111,Gym/Fri/07:00,Gym/Mon/07:00 | Nudge Mon/03:55,Gym/Mon/07:00 | Booked Mon/04:11,YES (4 of 4)
R-111,Gym/Mon/07:00,Gym/Wed/07:00 | Nudge Wed/03:55,Gym/Wed/07:00 | Booked Wed/04:26,YES (4 of 4)
R-111,Gym/Wed/07:00,Gym/Fri/07:00 | Nudge Fri/03:56,Gym/Fri/07:00 | Booked Fri/04:05,YES (4 of 4)
R-111,Gym/Fri/07:00,Gym/Mon/07:00 | Nudge Mon/03:56,Gym/Mon/07:00 | Booked Mon/04:34,YES (4 of 4)
R-111,Gym/Mon/07:00,Gym/Wed/07:00 | Nudge Wed/03:56,Gym/Wed/18:00 | Booked Wed/15:14,NO (3 of 4)
R-111,Gym/Wed/18:00,Gym/Fri/07:00 | Nudge Fri/03:56,Gym/Fri/07:00 | Booked Fri/03:30,YES (4 of 4)
R-111,Gym/Fri/07:00,Gym/Mon/07:00 | Nudge Mon/03:56,Gym/Mon/07:00 | Booked Mon/04:37,YES (4 of 4)
R-111,Gym/Mon/07:00,Gym/Wed/07:00 | Nudge Wed/03:56,Gym/Wed/18:00 | Booked Wed/15:03,NO (3 of 4)
R-111,Gym/Wed/18:00,Gym/Fri/07:00 | Nudge Fri/03:58,Gym/Fri/07:00 | Booked Fri/04:24,YES (4 of 4)
R-111,Gym/Fri/07:00,Gym/Mon/07:00 | Nudge Mon/03:58,Gym/Mon/18:00 | Booked Mon/14:59,NO (3 of 4)
R-111,Gym/Mon/18:00,Gym/Wed/07:00 | Nudge Wed/03:58,Pool/Wed/07:00 | Booked Wed/03:05,NO (3 of 4)
R-111,Pool/Wed/07:00,Gym/Fri/07:00 | Nudge Fri/03:56,Gym/Fri/18:00 | Booked Fri/14:48,NO (3 of 4)
R-111,Gym/Fri/18:00,Gym/Mon/07:00 | Nudge Wed/03:56,Gym/Wed/07:00 | Booked Wed/04:36,NO (3 of 4)
R-111,Gym/Wed/07:00,Gym/Fri/07:00 | Nudge Fri/03:56,Gym/Fri/07:00 | Booked Fri/03:41,YES (4 of 4)
R-111,Gym/Fri/07:00,Gym/Mon/07:00 | Nudge Wed/03:58,Gym/Wed/07:00 | Booked Wed/03:40,NO (3 of 4)
R-111,Gym/Wed/07:00,Gym/Fri/07:00 | Nudge Wed/03:58,Gym/Wed/07:00 | Booked Wed/04:02,NO (3 of 4)
R-111,Gym/Wed/07:00,Gym/Fri/07:00 | Nudge Mon/03:58,Gym/Mon/07:00 | Booked Mon/04:12,NO (3 of 4)
R-111,Gym/Mon/07:00,Gym/Wed/07:00 | Nudge Wed/03:58,Gym/Wed/18:00 | Booked Wed/15:00,NO (3 of 4)
R-111,Gym/Wed/18:00,Gym/Fri/07:00 | Nudge Fri/03:58,Gym/Fri/07:00 | Booked Fri/04:05,YES (4 of 4)
R-111,Gym/Fri/07:00,Gym/Mon/07:00 | Nudge Mon/03:58,Gym/Mon/07:00 | Booked Mon/04:00,YES (4 of 4)
R-111,Gym/Mon/07:00,Gym/Wed/07:00 | Nudge Wed/03:58,Pool/Wed/07:00 | Booked Wed/04:07,NO (3 of 4)
R-111,Pool/Wed/07:00,Gym/Fri/07:00 | Nudge Fri/03:58,Gym/Fri/07:00 | Booked Fri/04:53,YES (4 of 4)
R-111,Gym/Fri/07:00,Gym/Mon/07:00 | Nudge Mon/03:58,Gym/Mon/07:00 | Booked Mon/04:52,YES (4 of 4)
R-111,Gym/Mon/07:00,Gym/Wed/07:00 | Nudge Wed/03:58,Gym/Wed/07:00 | Booked Wed/03:35,YES (4 of 4)
R-111,Gym/Wed/07:00,Gym/Fri/07:00 | Nudge Fri/03:58,Gym/Fri/07:00 | Booked Fri/03:59,YES (4 of 4)
R-111,Gym/Fri/07:00,Gym/Mon/07:00 | Nudge Mon/03:58,Gym/Mon/07:00 | Booked Mon/03:55,YES (4 of 4)
R-111,Gym/Mon/07:00,Gym/Wed/07:00 | Nudge Wed/03:58,Gym/Wed/07:00 | Booked Wed/04:10,YES (4 of 4)
R-112,Pool/Sat/15:00,Pool/Sun/16:00 | Nudge Sun/09:40,Pool/Sun/15:00 | Booked Sun/10:15,NO (3 of 4)
R-112,Pool/Sun/15:00,Pool/Sat/16:00 | Nudge Sat/10:01,Pool/Sat/15:00 | Booked Sat/08:59,NO (3 of 4)
R-112,Pool/Sat/15:00,Pool/Sun/15:00 | Nudge Sun/09:08,Clubhouse/Sun/15:00 | Booked Sun/08:53,NO (3 of 4)
R-112,Clubhouse/Sun/15:00,Pool/Sat/15:00 | Nudge Sat/08:56,Pool/Sat/15:00 | Booked Sat/10:01,YES (4 of 4)
R-112,Pool/Sat/15:00,Pool/Sun/15:00 | Nudge Sun/09:06,Pool/Sun/15:00 | Booked Sun/08:41,YES (4 of 4)
R-112,Pool/Sun/15:00,Pool/Sat/15:00 | Nudge Sun/08:59,Clubhouse/Sun/15:00 | Booked Sun/08:53,NO (2 of 4)
R-112,Clubhouse/Sun/15:00,Pool/Sat/15:00 | Nudge Sat/08:56,Clubhouse/Sat/15:00 | Booked Sat/08:26,NO (3 of 4)
R-112,Clubhouse/Sat/15:00,Pool/Sun/15:00 | Nudge Sun/09:04,Pool/Sun/15:00 | Booked Sun/09:25,YES (4 of 4)
R-112,Pool/Sun/15:00,Pool/Sat/15:00 | Nudge Sat/08:56,Clubhouse/Sat/16:00 | Booked Sat/09:11,NO (2 of 4)
R-112,Clubhouse/Sat/16:00,Pool/Sun/15:00 | Nudge Sun/08:59,Pool/Sun/15:00 | Booked Sun/08:05,YES (4 of 4)
R-112,Pool/Sun/15:00,Pool/Sat/15:00 | Nudge Sat/08:56,Pool/Sat/15:00 | Booked Sat/08:06,YES (4 of 4)
R-112,Pool/Sat/15:00,Pool/Sun/15:00 | Nudge Sun/08:57,Pool/Sun/16:00 | Booked Sun/08:47,NO (3 of 4)
R-112,Pool/Sun/16:00,Pool/Sat/15:00 | Nudge Sat/08:58,Pool/Sat/15:00 | Booked Sat/09:21,YES (4 of 4)
R-112,Pool/Sat/15:00,Pool/Sun/15:00 | Nudge Sat/08:57,Pool/Sat/16:00 | Booked Sat/10:23,NO (2 of 4)
R-112,Pool/Sat/16:00,Pool/Sun/15:00 | Nudge Sun/08:59,Pool/Sun/15:00 | Booked Sun/09:35,YES (4 of 4)
R-112,Pool/Sun/15:00,Pool/Sat/15:00 | Nudge Sat/08:56,Pool/Sat/16:00 | Booked Sat/11:25,NO (3 of 4)
R-112,Pool/Sat/16:00,Pool/Sun/15:00 | Nudge Sun/08:59,Pool/Sun/16:00 | Booked Sun/10:27,NO (3 of 4)
R-112,Pool/Sun/16:00,Pool/Sat/15:00 | Nudge Sat/09:00,Pool/Sat/15:00 | Booked Sat/08:18,YES (4 of 4)
R-112,Pool/Sat/15:00,Clubhouse/Sun/15:00 | Nudge Sun/08:59,Pool/Sun/15:00 | Booked Sun/07:28,NO (3 of 4)
R-112,Pool/Sun/15:00,Pool/Sat/15:00 | Nudge Sat/08:58,Pool/Sat/15:00 | Booked Sat/09:20,YES (4 of 4)
R-112,Pool/Sat/15:00,Pool/Sun/15:00 | Nudge Sun/08:59,Clubhouse/Sun/15:00 | Booked Sun/09:50,NO (3 of 4)
R-112,Clubhouse/Sun/15:00,Pool/Sat/15:00 | Nudge Sat/08:58,Pool/Sat/15:00 | Booked Sat/08:35,YES (4 of 4)
R-112,Pool/Sat/15:00,Pool/Sun/15:00 | Nudge Sun/08:59,Pool/Sun/15:00 | Booked Sun/07:09,YES (4 of 4)
R-112,Pool/Sun/15:00,Pool/Sat/15:00 | Nudge Sat/08:58,Pool/Sat/15:00 | Booked Sat/08:20,YES (4 of 4)
R-112,Pool/Sat/15:00,Pool/Sun/15:00 | Nudge Sun/08:59,Clubhouse/Sun/15:00 | Booked Sun/11:11,NO (3 of 4)
R-112,Clubhouse/Sun/15:00,Pool/Sat/15:00 | Nudge Sat/09:02,Pool/Sat/15:00 | Booked Sat/08:29,YES (4 of 4)
R-112,Pool/Sat/15:00,Clubhouse/Sun/15:00 | Nudge Sat/08:59,Pool/Sat/15:00 | Booked Sat/09:01,NO (2 of 4)
R-112,Pool/Sat/15:00,Pool/Sun/15:00 | Nudge Sun/08:59,Pool/Sun/15:00 | Booked Sun/09:29,YES (4 of 4)
R-113,Gym/Sun/19:00,Badminton/Sat/14:00 | Nudge Wed/00:30,Badminton/Wed/13:00 | Booked Tue/22:47,NO (2 of 4)
R-113,Badminton/Wed/13:00,Pool/Fri/11:00 | Nudge Fri/22:09,Clubhouse/Sat/18:00 | Booked Sat/04:58,NO (1 of 4)
R-113,Clubhouse/Sat/18:00,Tennis/Sun/19:00 | Nudge Mon/07:54,Pool/Mon/11:00 | Booked Sun/21:42,NO (1 of 4)
R-113,Pool/Mon/11:00,Gym/Thu/17:00 | Nudge Sat/04:34,Pool/Sat/10:00 | Booked Fri/17:58,NO (0 of 4)
R-113,Pool/Sat/10:00,Gym/Sun/16:00 | Nudge Tue/04:46,Clubhouse/Tue/13:00 | Booked Tue/03:21,NO (1 of 4)
R-113,Clubhouse/Tue/13:00,Pool/Sun/13:00 | Nudge Wed/00:46,Pool/Wed/17:00 | Booked Wed/00:30,NO (1 of 4)
R-113,Pool/Wed/17:00,Pool/Sun/08:00 | Nudge Thu/20:27,Gym/Fri/16:00 | Booked Fri/07:51,NO (0 of 4)
R-113,Gym/Fri/16:00,Badminton/Sat/08:00 | Nudge Sat/20:07,Gym/Sun/12:00 | Booked Sun/01:19,NO (1 of 4)
R-113,Gym/Sun/12:00,Tennis/Sun/11:00 | Nudge Tue/23:17,Pool/Wed/10:00 | Booked Tue/18:37,NO (0 of 4)
R-113,Pool/Wed/10:00,Tennis/Thu/08:00 | Nudge Wed/19:21,Tennis/Thu/11:00 | Booked Wed/21:05,NO (3 of 4)
R-113,Tennis/Thu/11:00,Badminton/Sun/11:00 | Nudge Thu/22:18,Tennis/Fri/18:00 | Booked Fri/07:06,NO (1 of 4)
R-113,Tennis/Fri/18:00,Badminton/Sun/09:00 | Nudge Mon/20:34,Clubhouse/Tue/15:00 | Booked Tue/01:26,NO (1 of 4)
R-113,Clubhouse/Tue/15:00,Badminton/Sun/09:00 | Nudge Sat/20:35,Pool/Sun/13:00 | Booked Sun/01:25,NO (2 of 4)
R-113,Pool/Sun/13:00,Tennis/Sun/19:00 | Nudge Wed/06:18,Badminton/Wed/11:00 | Booked Tue/20:33,NO (1 of 4)
R-113,Badminton/Wed/11:00,Tennis/Sat/19:00 | Nudge Fri/06:30,Badminton/Fri/11:00 | Booked Fri/03:40,NO (0 of 4)
R-113,Badminton/Fri/11:00,Tennis/Sat/13:00 | Nudge Tue/00:43,Tennis/Tue/11:00 | Booked Tue/01:13,NO (2 of 4)
R-113,Tennis/Tue/11:00,Tennis/Fri/13:00 | Nudge Fri/00:48,Gym/Fri/17:00 | Booked Fri/05:16,NO (2 of 4)
R-113,Gym/Fri/17:00,Badminton/Tue/11:00 | Nudge Fri/23:36,Tennis/Sat/18:00 | Booked Sat/06:58,NO (1 of 4)
R-113,Tennis/Sat/18:00,Clubhouse/Tue/09:00 | Nudge Mon/22:03,Badminton/Tue/16:00 | Booked Tue/08:27,NO (1 of 4)
R-113,Badminton/Tue/16:00,Clubhouse/Sat/13:00 | Nudge Thu/01:26,Badminton/Thu/13:00 | Booked Thu/03:57,NO (2 of 4)
R-114,Pool/Thu/10:00,Pool/Fri/15:00 | Nudge Mon/02:38,Clubhouse/Mon/08:00 | Booked Sun/17:15,NO (1 of 4)
R-114,Clubhouse/Mon/08:00,Pool/Fri/15:00 | Nudge Fri/04:08,Badminton/Fri/14:00 | Booked Fri/03:50,NO (2 of 4)
R-114,Badminton/Fri/14:00,Gym/Fri/10:00 | Nudge Fri/21:48,Gym/Sat/16:00 | Booked Sat/01:43,NO (2 of 4)
R-114,Gym/Sat/16:00,Badminton/Mon/19:00 | Nudge Sun/06:59,Tennis/Sun/10:00 | Booked Sat/17:15,NO (0 of 4)
R-114,Tennis/Sun/10:00,Tennis/Mon/17:00 | Nudge Wed/05:47,Tennis/Wed/11:00 | Booked Tue/23:34,NO (2 of 4)
R-114,Tennis/Wed/11:00,Badminton/Sun/17:00 | Nudge Wed/05:14,Badminton/Wed/18:00 | Booked Wed/08:58,NO (2 of 4)
R-114,Badminton/Wed/18:00,Badminton/Sun/09:00 | Nudge Wed/21:23,Pool/Thu/13:00 | Booked Thu/05:01,NO (0 of 4)
R-114,Pool/Thu/13:00,Badminton/Fri/09:00 | Nudge Wed/20:03,Pool/Thu/10:00 | Booked Wed/21:05,NO (1 of 4)
R-114,Pool/Thu/10:00,Gym/Fri/09:00 | Nudge Tue/20:43,Badminton/Wed/15:00 | Booked Wed/00:00,NO (1 of 4)
R-114,Badminton/Wed/15:00,Badminton/Sat/10:00 | Nudge Fri/20:35,Badminton/Sat/09:00 | Booked Fri/18:44,NO (3 of 4)
R-114,Badminton/Sat/09:00,Tennis/Tue/08:00 | Nudge Sat/19:17,Tennis/Sun/14:00 | Booked Sat/21:35,NO (1 of 4)
R-114,Tennis/Sun/14:00,Badminton/Fri/15:00 | Nudge Tue/03:13,Badminton/Tue/12:00 | Booked Tue/03:42,NO (1 of 4)
R-114,Badminton/Tue/12:00,Badminton/Tue/08:00 | Nudge Sun/19:09,Gym/Mon/11:00 | Booked Mon/01:55,NO (0 of 4)
R-114,Gym/Mon/11:00,Badminton/Fri/08:00 | Nudge Wed/18:57,Pool/Thu/15:00 | Booked Thu/04:06,NO (1 of 4)
R-114,Pool/Thu/15:00,Tennis/Sat/09:00 | Nudge Sat/20:12,Tennis/Sun/18:00 | Booked Sun/06:00,NO (2 of 4)
R-114,Tennis/Sun/18:00,Clubhouse/Sat/14:00 | Nudge Mon/01:55,Clubhouse/Mon/19:00 | Booked Mon/05:17,NO (2 of 4)
R-114,Clubhouse/Mon/19:00,Tennis/Tue/14:00 | Nudge Thu/01:38,Gym/Thu/10:00 | Booked Thu/00:19,NO (1 of 4)
R-114,Gym/Thu/10:00,Badminton/Sat/09:00 | Nudge Thu/20:21,Tennis/Fri/19:00 | Booked Fri/01:48,NO (0 of 4)
R-114,Tennis/Fri/19:00,Gym/Sat/14:00 | Nudge Mon/01:17,Tennis/Mon/19:00 | Booked Mon/06:41,NO (1 of 4)
R-114,Tennis/Mon/19:00,Badminton/Thu/14:00 | Nudge Sun/01:22,Badminton/Sun/17:00 | Booked Sun/03:04,NO (2 of 4)
R-115,Badminton/Tue/11:00,Tennis/Thu/08:00 | Nudge Wed/21:51,Tennis/Thu/10:00 | Booked Thu/02:44,NO (3 of 4)
R-115,Tennis/Thu/10:00,Badminton/Sat/10:00 | Nudge Tue/20:36,Pool/Wed/10:00 | Booked Wed/01:06,NO (1 of 4)
R-115,Pool/Wed/10:00,Pool/Fri/19:00 | Nudge Sat/07:22,Pool/Sat/16:00 | Booked Sat/02:29,NO (2 of 4)
R-115,Pool/Sat/16:00,Clubhouse/Tue/16:00 | Nudge Fri/02:18,Tennis/Fri/17:00 | Booked Fri/07:35,NO (0 of 4)
R-115,Tennis/Fri/17:00,Clubhouse/Sun/08:00 | Nudge Tue/17:47,Pool/Wed/14:00 | Booked Tue/22:06,NO (1 of 4)
R-115,Pool/Wed/14:00,Pool/Sun/08:00 | Nudge Wed/19:01,Tennis/Thu/10:00 | Booked Wed/17:55,NO (0 of 4)
R-115,Tennis/Thu/10:00,Badminton/Sat/16:00 | Nudge Wed/03:12,Gym/Wed/17:00 | Booked Wed/06:50,NO (1 of 4)
R-115,Gym/Wed/17:00,Badminton/Fri/08:00 | Nudge Wed/22:36,Pool/Thu/18:00 | Booked Thu/03:28,NO (0 of 4)
R-115,Pool/Thu/18:00,Badminton/Fri/09:00 | Nudge Fri/19:16,Badminton/Sat/14:00 | Booked Sat/08:29,NO (1 of 4)
R-115,Badminton/Sat/14:00,Clubhouse/Tue/14:00 | Nudge Wed/00:57,Badminton/Wed/15:00 | Booked Wed/05:55,NO (0 of 4)
R-115,Badminton/Wed/15:00,Tennis/Fri/08:00 | Nudge Sat/19:21,Pool/Sun/18:00 | Booked Sun/07:02,NO (1 of 4)
R-116,Tennis/Sat/19:00,Badminton/Tue/20:00 | Nudge Mon/20:09,Badminton/Tue/19:00 | Booked Mon/18:33,NO (3 of 4)
R-116,Badminton/Tue/19:00,Tennis/Thu/19:00 | Nudge Wed/18:59,Badminton/Thu/19:00 | Booked Wed/18:02,NO (3 of 4)
R-116,Badminton/Thu/19:00,Tennis/Sat/19:00 | Nudge Fri/19:01,Tennis/Sat/19:00 | Booked Fri/20:21,YES (4 of 4)
R-116,Tennis/Sat/19:00,Badminton/Tue/19:00 | Nudge Mon/18:39,Badminton/Tue/19:00 | Booked Mon/16:47,YES (4 of 4)
R-116,Badminton/Tue/19:00,Badminton/Thu/19:00 | Nudge Wed/19:35,Badminton/Thu/19:00 | Booked Wed/17:52,YES (4 of 4)
R-116,Badminton/Thu/19:00,Tennis/Tue/19:00 | Nudge Mon/18:19,Tennis/Tue/19:00 | Booked Mon/21:22,NO (3 of 4)
R-116,Tennis/Tue/19:00,Badminton/Thu/19:00 | Nudge Wed/18:57,Tennis/Thu/19:00 | Booked Wed/19:34,NO (3 of 4)
R-116,Tennis/Thu/19:00,Badminton/Sat/19:00 | Nudge Fri/18:51,Tennis/Sat/19:00 | Booked Fri/19:05,NO (3 of 4)
R-116,Tennis/Sat/19:00,Tennis/Tue/19:00 | Nudge Mon/19:03,Badminton/Tue/19:00 | Booked Mon/20:42,NO (3 of 4)
R-116,Badminton/Tue/19:00,Badminton/Thu/19:00 | Nudge Wed/19:07,Tennis/Thu/19:00 | Booked Wed/17:11,NO (3 of 4)
R-116,Tennis/Thu/19:00,Badminton/Sat/19:00 | Nudge Fri/18:47,Badminton/Sat/19:00 | Booked Fri/20:45,YES (4 of 4)
R-116,Badminton/Sat/19:00,Tennis/Tue/19:00 | Nudge Wed/19:00,Tennis/Thu/19:00 | Booked Wed/17:02,NO (3 of 4)
R-116,Tennis/Thu/19:00,Badminton/Sat/19:00 | Nudge Fri/18:48,Badminton/Sat/19:00 | Booked Fri/16:47,YES (4 of 4)
R-116,Badminton/Sat/19:00,Tennis/Tue/19:00 | Nudge Wed/19:13,Tennis/Thu/19:00 | Booked Wed/21:15,NO (3 of 4)
R-116,Tennis/Thu/19:00,Badminton/Sat/19:00 | Nudge Fri/19:01,Tennis/Sat/20:00 | Booked Fri/21:07,NO (2 of 4)
R-116,Tennis/Sat/20:00,Tennis/Tue/19:00 | Nudge Mon/19:27,Badminton/Tue/19:00 | Booked Mon/19:16,NO (3 of 4)
R-116,Badminton/Tue/19:00,Tennis/Thu/19:00 | Nudge Fri/18:58,Badminton/Sat/19:00 | Booked Fri/15:26,NO (1 of 4)
R-116,Badminton/Sat/19:00,Badminton/Tue/19:00 | Nudge Mon/18:53,Tennis/Tue/19:00 | Booked Mon/18:59,NO (3 of 4)
R-116,Tennis/Tue/19:00,Badminton/Thu/19:00 | Nudge Wed/18:49,Tennis/Thu/19:00 | Booked Wed/23:27,NO (2 of 4)
R-116,Tennis/Thu/19:00,Badminton/Sat/19:00 | Nudge Fri/18:41,Tennis/Sat/20:00 | Booked Fri/21:22,NO (2 of 4)
R-116,Tennis/Sat/20:00,Tennis/Tue/19:00 | Nudge Mon/19:33,Tennis/Tue/19:00 | Booked Mon/20:31,YES (4 of 4)
R-116,Tennis/Tue/19:00,Badminton/Thu/19:00 | Nudge Wed/18:54,Badminton/Thu/20:00 | Booked Wed/17:54,NO (3 of 4)
R-116,Badminton/Thu/20:00,Tennis/Sat/19:00 | Nudge Fri/18:50,Badminton/Sat/19:00 | Booked Fri/21:08,NO (3 of 4)
R-116,Badminton/Sat/19:00,Badminton/Tue/19:00 | Nudge Mon/18:51,Badminton/Tue/19:00 | Booked Mon/19:55,YES (4 of 4)
R-116,Badminton/Tue/19:00,Badminton/Thu/19:00 | Nudge Wed/18:44,Badminton/Thu/19:00 | Booked Wed/16:05,YES (4 of 4)
R-116,Badminton/Thu/19:00,Badminton/Sat/19:00 | Nudge Fri/18:24,Tennis/Sat/20:00 | Booked Fri/18:23,NO (2 of 4)
R-116,Tennis/Sat/20:00,Tennis/Tue/19:00 | Nudge Mon/19:00,Badminton/Tue/19:00 | Booked Mon/19:01,NO (3 of 4)
R-116,Badminton/Tue/19:00,Badminton/Thu/19:00 | Nudge Wed/19:04,Tennis/Thu/20:00 | Booked Wed/20:54,NO (2 of 4)
R-116,Tennis/Thu/20:00,Tennis/Sat/19:00 | Nudge Fri/18:24,Tennis/Sat/20:00 | Booked Fri/21:42,NO (3 of 4)
R-116,Tennis/Sat/20:00,Tennis/Tue/19:00 | Nudge Mon/19:16,Badminton/Tue/20:00 | Booked Mon/18:58,NO (2 of 4)
R-116,Badminton/Tue/20:00,Tennis/Thu/19:00 | Nudge Wed/19:04,Badminton/Thu/19:00 | Booked Wed/21:46,NO (3 of 4)
R-116,Badminton/Thu/19:00,Tennis/Sat/19:00 | Nudge Mon/18:24,Badminton/Tue/19:00 | Booked Mon/20:07,NO (2 of 4)
R-116,Badminton/Tue/19:00,Tennis/Thu/19:00 | Nudge Wed/18:37,Badminton/Thu/19:00 | Booked Wed/21:39,NO (2 of 4)
R-116,Badminton/Thu/19:00,Tennis/Sat/19:00 | Nudge Fri/18:10,Badminton/Sat/19:00 | Booked Fri/18:34,NO (3 of 4)
R-116,Badminton/Sat/19:00,Tennis/Tue/19:00 | Nudge Mon/18:28,Badminton/Tue/19:00 | Booked Mon/16:31,NO (3 of 4)
R-116,Badminton/Tue/19:00,Tennis/Thu/19:00 | Nudge Wed/18:32,Badminton/Thu/19:00 | Booked Wed/20:57,NO (3 of 4)
R-116,Badminton/Thu/19:00,Tennis/Sat/19:00 | Nudge Fri/18:22,Badminton/Sat/19:00 | Booked Fri/16:45,NO (3 of 4)
R-116,Badminton/Sat/19:00,Tennis/Tue/19:00 | Nudge Wed/18:40,Tennis/Thu/19:00 | Booked Wed/15:41,NO (3 of 4)
R-116,Tennis/Thu/19:00,Badminton/Sat/19:00 | Nudge Fri/18:22,Badminton/Sat/19:00 | Booked Fri/20:30,YES (4 of 4)
R-116,Badminton/Sat/19:00,Badminton/Tue/19:00 | Nudge Fri/18:52,Badminton/Sat/19:00 | Booked Fri/18:02,NO (3 of 4)
R-116,Badminton/Sat/19:00,Tennis/Tue/19:00 | Nudge Mon/18:43,Badminton/Tue/19:00 | Booked Mon/19:45,NO (3 of 4)
R-116,Badminton/Tue/19:00,Badminton/Thu/19:00 | Nudge Wed/18:50,Tennis/Thu/19:00 | Booked Wed/16:36,NO (3 of 4)
R-117,Gym/Mon/07:00,Gym/Wed/07:00 | Nudge Wed/03:39,Gym/Wed/07:00 | Booked Wed/03:44,YES (4 of 4)
R-117,Gym/Wed/07:00,Gym/Fri/07:00 | Nudge Fri/03:48,Gym/Fri/07:00 | Booked Fri/03:10,YES (4 of 4)
R-117,Gym/Fri/07:00,Gym/Mon/07:00 | Nudge Mon/03:58,Gym/Mon/07:00 | Booked Mon/04:15,YES (4 of 4)
R-117,Gym/Mon/07:00,Gym/Wed/07:00 | Nudge Wed/03:56,Gym/Wed/07:00 | Booked Wed/04:22,YES (4 of 4)
R-117,Gym/Wed/07:00,Gym/Fri/07:00 | Nudge Fri/03:58,Gym/Fri/07:00 | Booked Fri/04:36,YES (4 of 4)
R-117,Gym/Fri/07:00,Gym/Mon/07:00 | Nudge Mon/03:58,Pool/Mon/18:00 | Booked Mon/15:39,NO (2 of 4)
R-117,Pool/Mon/18:00,Gym/Wed/07:00 | Nudge Wed/03:56,Gym/Wed/07:00 | Booked Wed/04:01,YES (4 of 4)
R-117,Gym/Wed/07:00,Gym/Fri/07:00 | Nudge Fri/03:58,Gym/Fri/07:00 | Booked Fri/04:38,YES (4 of 4)
R-117,Gym/Fri/07:00,Gym/Mon/07:00 | Nudge Mon/03:58,Gym/Mon/07:00 | Booked Mon/03:21,YES (4 of 4)
R-117,Gym/Mon/07:00,Gym/Wed/07:00 | Nudge Wed/03:58,Gym/Wed/07:00 | Booked Wed/03:10,YES (4 of 4)
R-117,Gym/Wed/07:00,Gym/Fri/07:00 | Nudge Fri/03:58,Gym/Fri/07:00 | Booked Fri/02:59,YES (4 of 4)
R-117,Gym/Fri/07:00,Gym/Mon/07:00 | Nudge Wed/03:58,Gym/Wed/07:00 | Booked Wed/03:27,NO (3 of 4)
R-117,Gym/Wed/07:00,Gym/Fri/07:00 | Nudge Fri/03:58,Gym/Fri/07:00 | Booked Fri/05:03,YES (4 of 4)
R-117,Gym/Fri/07:00,Gym/Mon/07:00 | Nudge Mon/03:58,Pool/Mon/07:00 | Booked Mon/03:59,NO (3 of 4)
R-117,Pool/Mon/07:00,Gym/Wed/07:00 | Nudge Wed/03:58,Gym/Wed/07:00 | Booked Wed/04:34,YES (4 of 4)
R-117,Gym/Wed/07:00,Gym/Fri/07:00 | Nudge Fri/03:58,Gym/Fri/18:00 | Booked Fri/14:56,NO (3 of 4)
R-117,Gym/Fri/18:00,Gym/Mon/07:00 | Nudge Mon/03:58,Gym/Mon/07:00 | Booked Mon/05:01,YES (4 of 4)
R-117,Gym/Mon/07:00,Gym/Wed/07:00 | Nudge Wed/03:58,Gym/Wed/07:00 | Booked Wed/04:02,YES (4 of 4)
R-117,Gym/Wed/07:00,Gym/Fri/07:00 | Nudge Fri/03:58,Gym/Fri/07:00 | Booked Fri/03:57,YES (4 of 4)
R-117,Gym/Fri/07:00,Gym/Mon/07:00 | Nudge Mon/03:58,Gym/Mon/07:00 | Booked Mon/04:31,YES (4 of 4)
R-117,Gym/Mon/07:00,Gym/Wed/07:00 | Nudge Wed/03:58,Gym/Wed/07:00 | Booked Wed/04:20,YES (4 of 4)
R-117,Gym/Wed/07:00,Gym/Fri/07:00 | Nudge Fri/03:58,Gym/Fri/07:00 | Booked Fri/03:25,YES (4 of 4)
R-117,Gym/Fri/07:00,Gym/Mon/07:00 | Nudge Mon/03:58,Gym/Mon/07:00 | Booked Mon/04:27,YES (4 of 4)
R-117,Gym/Mon/07:00,Gym/Wed/07:00 | Nudge Wed/03:58,Gym/Wed/07:00 | Booked Wed/04:21,YES (4 of 4)
R-117,Gym/Wed/07:00,Gym/Fri/07:00 | Nudge Fri/03:58,Gym/Fri/07:00 | Booked Fri/04:47,YES (4 of 4)
R-117,Gym/Fri/07:00,Gym/Mon/07:00 | Nudge Mon/03:58,Gym/Mon/18:00 | Booked Mon/14:39,NO (3 of 4)
R-117,Gym/Mon/18:00,Gym/Wed/07:00 | Nudge Wed/03:58,Pool/Wed/07:00 | Booked Wed/04:18,NO (3 of 4)
R-117,Pool/Wed/07:00,Gym/Fri/07:00 | Nudge Fri/03:58,Gym/Fri/07:00 | Booked Fri/04:57,YES (4 of 4)
R-117,Gym/Fri/07:00,Gym/Mon/07:00 | Nudge Mon/03:58,Gym/Mon/07:00 | Booked Mon/04:03,YES (4 of 4)
R-117,Gym/Mon/07:00,Gym/Fri/07:00 | Nudge Fri/03:58,Gym/Fri/18:00 | Booked Fri/14:50,NO (3 of 4)
R-117,Gym/Fri/18:00,Gym/Mon/07:00 | Nudge Mon/03:58,Gym/Mon/07:00 | Booked Mon/03:55,YES (4 of 4)
R-117,Gym/Mon/07:00,Gym/Wed/07:00 | Nudge Mon/03:58,Gym/Mon/07:00 | Booked Mon/03:52,NO (3 of 4)
R-117,Gym/Mon/07:00,Gym/Wed/07:00 | Nudge Wed/03:58,Gym/Wed/07:00 | Booked Wed/03:36,YES (4 of 4)
R-117,Gym/Wed/07:00,Gym/Fri/07:00 | Nudge Fri/03:58,Gym/Fri/07:00 | Booked Fri/03:36,YES (4 of 4)
R-117,Gym/Fri/07:00,Gym/Mon/07:00 | Nudge Mon/03:58,Gym/Mon/07:00 | Booked Mon/03:33,YES (4 of 4)
R-117,Gym/Mon/07:00,Gym/Wed/07:00 | Nudge Mon/03:58,Gym/Mon/07:00 | Booked Mon/03:22,NO (3 of 4)
R-117,Gym/Mon/07:00,Gym/Wed/07:00 | Nudge Wed/03:58,Gym/Wed/07:00 | Booked Wed/03:06,YES (4 of 4)
R-117,Gym/Wed/07:00,Gym/Fri/07:00 | Nudge Fri/03:58,Gym/Fri/18:00 | Booked Fri/15:09,NO (3 of 4)
R-117,Gym/Fri/18:00,Gym/Mon/07:00 | Nudge Wed/03:58,Gym/Wed/07:00 | Booked Wed/04:32,NO (3 of 4)
R-117,Gym/Wed/07:00,Gym/Fri/07:00 | Nudge Mon/03:58,Gym/Mon/07:00 | Booked Mon/03:56,NO (3 of 4)
R-117,Gym/Mon/07:00,Gym/Wed/07:00 | Nudge Wed/03:58,Gym/Wed/07:00 | Booked Wed/03:46,YES (4 of 4)
R-118,Badminton/Sun/15:00,Badminton/Tue/08:00 | Nudge Mon/20:51,Pool/Tue/15:00 | Booked Tue/04:05,NO (2 of 4)
R-118,Pool/Tue/15:00,Pool/Sat/08:00 | Nudge Sun/20:07,Clubhouse/Mon/19:00 | Booked Mon/10:54,NO (0 of 4)
R-118,Clubhouse/Mon/19:00,Clubhouse/Fri/13:00 | Nudge Tue/00:53,Tennis/Tue/18:00 | Booked Tue/11:08,NO (0 of 4)
R-118,Tennis/Tue/18:00,Clubhouse/Thu/16:00 | Nudge Mon/03:02,Tennis/Mon/12:00 | Booked Sun/20:52,NO (1 of 4)
R-118,Tennis/Mon/12:00,Clubhouse/Wed/13:00 | Nudge Thu/23:26,Badminton/Fri/14:00 | Booked Fri/00:14,NO (1 of 4)
R-118,Badminton/Fri/14:00,Pool/Sat/10:00 | Nudge Mon/21:48,Badminton/Tue/11:00 | Booked Mon/23:24,NO (1 of 4)
R-118,Badminton/Tue/11:00,Clubhouse/Sat/08:00 | Nudge Tue/19:14,Gym/Wed/17:00 | Booked Wed/02:35,NO (1 of 4)
R-118,Gym/Wed/17:00,Clubhouse/Thu/08:00 | Nudge Thu/21:08,Gym/Fri/11:00 | Booked Thu/22:41,NO (1 of 4)
R-118,Gym/Fri/11:00,Badminton/Sat/09:00 | Nudge Sat/20:25,Tennis/Sun/12:00 | Booked Sun/01:19,NO (1 of 4)
R-118,Tennis/Sun/12:00,Clubhouse/Sat/09:00 | Nudge Wed/19:45,Tennis/Thu/15:00 | Booked Thu/04:32,NO (1 of 4)
R-119,Pool/Sat/15:00,Pool/Sun/15:00 | Nudge Sun/08:36,Pool/Sun/15:00 | Booked Sun/10:13,YES (4 of 4)
R-119,Pool/Sun/15:00,Pool/Sat/15:00 | Nudge Sat/09:01,Pool/Sat/15:00 | Booked Sat/09:05,YES (4 of 4)
R-119,Pool/Sat/15:00,Pool/Sun/15:00 | Nudge Sun/09:08,Pool/Sun/15:00 | Booked Sun/09:09,YES (4 of 4)
R-119,Pool/Sun/15:00,Pool/Sat/15:00 | Nudge Sat/09:01,Clubhouse/Sat/15:00 | Booked Sat/08:55,NO (3 of 4)
R-119,Clubhouse/Sat/15:00,Pool/Sun/16:00 | Nudge Sun/10:06,Pool/Sun/15:00 | Booked Sun/09:36,NO (3 of 4)
R-119,Pool/Sun/15:00,Pool/Sat/15:00 | Nudge Sat/08:59,Pool/Sat/15:00 | Booked Sat/07:55,YES (4 of 4)
R-119,Pool/Sat/15:00,Clubhouse/Sun/15:00 | Nudge Sat/09:10,Pool/Sat/15:00 | Booked Sat/07:46,NO (2 of 4)
R-119,Pool/Sat/15:00,Pool/Sun/15:00 | Nudge Sun/09:01,Pool/Sun/15:00 | Booked Sun/08:51,YES (4 of 4)
R-119,Pool/Sun/15:00,Pool/Sat/15:00 | Nudge Sat/08:57,Pool/Sat/15:00 | Booked Sat/09:32,YES (4 of 4)
R-119,Pool/Sat/15:00,Pool/Sun/15:00 | Nudge Sun/09:01,Clubhouse/Sun/16:00 | Booked Sun/10:10,NO (2 of 4)
R-119,Clubhouse/Sun/16:00,Pool/Sat/15:00 | Nudge Sun/09:00,Pool/Sun/15:00 | Booked Sun/08:40,NO (3 of 4)
R-119,Pool/Sun/15:00,Pool/Sat/15:00 | Nudge Sat/08:58,Pool/Sat/15:00 | Booked Sat/08:24,YES (4 of 4)
R-119,Pool/Sat/15:00,Pool/Sun/16:00 | Nudge Sun/09:58,Pool/Sun/15:00 | Booked Sun/08:21,NO (3 of 4)
R-119,Pool/Sun/15:00,Pool/Sat/15:00 | Nudge Sat/08:57,Pool/Sat/15:00 | Booked Sat/09:27,YES (4 of 4)
R-119,Pool/Sat/15:00,Pool/Sun/16:00 | Nudge Sun/09:58,Pool/Sun/15:00 | Booked Sun/10:30,NO (3 of 4)
R-119,Pool/Sun/15:00,Pool/Sat/15:00 | Nudge Sat/08:57,Pool/Sat/15:00 | Booked Sat/10:02,YES (4 of 4)
R-119,Pool/Sat/15:00,Pool/Sun/15:00 | Nudge Sun/09:05,Pool/Sun/16:00 | Booked Sun/10:20,NO (3 of 4)
R-119,Pool/Sun/16:00,Pool/Sat/15:00 | Nudge Sat/09:05,Pool/Sat/15:00 | Booked Sat/07:48,YES (4 of 4)
R-119,Pool/Sat/15:00,Pool/Sun/15:00 | Nudge Sun/08:58,Clubhouse/Sun/15:00 | Booked Sun/10:29,NO (3 of 4)
R-119,Clubhouse/Sun/15:00,Pool/Sat/15:00 | Nudge Sat/09:04,Pool/Sat/15:00 | Booked Sat/09:33,YES (4 of 4)
R-119,Pool/Sat/15:00,Pool/Sun/15:00 | Nudge Sat/08:59,Pool/Sat/15:00 | Booked Sat/10:34,NO (3 of 4)
R-119,Pool/Sat/15:00,Pool/Sun/15:00 | Nudge Sat/08:59,Pool/Sat/15:00 | Booked Sat/07:26,NO (3 of 4)
R-119,Pool/Sat/15:00,Pool/Sun/16:00 | Nudge Sun/10:05,Clubhouse/Sun/15:00 | Booked Sun/08:53,NO (2 of 4)
R-119,Clubhouse/Sun/15:00,Pool/Sat/15:00 | Nudge Sun/08:59,Pool/Sun/15:00 | Booked Sun/09:14,NO (3 of 4)
R-119,Pool/Sun/15:00,Pool/Sat/16:00 | Nudge Sat/09:57,Pool/Sat/15:00 | Booked Sat/08:47,NO (3 of 4)
R-119,Pool/Sat/15:00,Pool/Sun/15:00 | Nudge Sun/09:05,Pool/Sun/15:00 | Booked Sun/09:04,YES (4 of 4)
R-119,Pool/Sun/15:00,Pool/Sat/15:00 | Nudge Sat/09:04,Pool/Sat/15:00 | Booked Sat/09:39,YES (4 of 4)
R-119,Pool/Sat/15:00,Pool/Sun/15:00 | Nudge Sun/08:59,Pool/Sun/15:00 | Booked Sun/07:42,YES (4 of 4)
R-120,Clubhouse/Tue/09:00,Clubhouse/Wed/19:00 | Nudge Sat/08:32,Badminton/Sat/09:00 | Booked Fri/16:18,NO (0 of 4)
R-120,Badminton/Sat/09:00,Pool/Thu/09:00 | Nudge Sat/20:26,Gym/Sun/10:00 | Booked Sun/03:19,NO (0 of 4)
R-120,Gym/Sun/10:00,Pool/Mon/19:00 | Nudge Thu/06:46,Clubhouse/Thu/11:00 | Booked Wed/22:43,NO (1 of 4)
R-120,Clubhouse/Thu/11:00,Pool/Sat/19:00 | Nudge Thu/05:19,Pool/Thu/12:00 | Booked Wed/23:55,NO (2 of 4)
R-120,Pool/Thu/12:00,Pool/Sat/08:00 | Nudge Fri/19:39,Pool/Sat/10:00 | Booked Sat/01:28,NO (2 of 4)
R-120,Pool/Sat/10:00,Pool/Tue/15:00 | Nudge Sun/02:28,Clubhouse/Sun/13:00 | Booked Sat/15:56,NO (0 of 4)
R-120,Clubhouse/Sun/13:00,Pool/Sat/15:00 | Nudge Wed/01:54,Clubhouse/Wed/19:00 | Booked Wed/08:24,NO (1 of 4)
R-120,Clubhouse/Wed/19:00,Pool/Sat/19:00 | Nudge Sat/06:22,Badminton/Sat/09:00 | Booked Fri/16:24,NO (1 of 4)
R-120,Badminton/Sat/09:00,Tennis/Tue/08:00 | Nudge Wed/20:09,Tennis/Thu/13:00 | Booked Thu/02:28,NO (2 of 4)
R-120,Tennis/Thu/13:00,Tennis/Sat/17:00 | Nudge Sun/03:06,Gym/Sun/19:00 | Booked Sun/04:36,NO (1 of 4)
R-120,Gym/Sun/19:00,Badminton/Sat/08:00 | Nudge Fri/21:12,Gym/Sat/14:00 | Booked Fri/21:06,NO (1 of 4)
R-120,Gym/Sat/14:00,Badminton/Tue/11:00 | Nudge Mon/23:19,Tennis/Tue/18:00 | Booked Tue/05:39,NO (2 of 4)
R-120,Tennis/Tue/18:00,Badminton/Sat/17:00 | Nudge Thu/05:22,Badminton/Thu/08:00 | Booked Wed/20:38,NO (2 of 4)
R-120,Badminton/Thu/08:00,Tennis/Sat/16:00 | Nudge Mon/04:21,Pool/Mon/14:00 | Booked Mon/01:42,NO (1 of 4)
R-120,Pool/Mon/14:00,Badminton/Thu/17:00 | Nudge Fri/05:56,Pool/Fri/14:00 | Booked Fri/04:15,NO (1 of 4)
R-120,Pool/Fri/14:00,Badminton/Sun/16:00 | Nudge Sun/03:35,Pool/Sun/08:00 | Booked Sat/20:15,NO (2 of 4)
R-120,Pool/Sun/08:00,Badminton/Thu/16:00 | Nudge Wed/03:08,Gym/Wed/17:00 | Booked Wed/07:30,NO (0 of 4)
R-120,Gym/Wed/17:00,Badminton/Thu/12:00 | Nudge Sun/23:31,Badminton/Mon/15:00 | Booked Mon/10:25,NO (1 of 4)
